"State Name",,,,,"Alignment Pass/Fail",Variables,Variables,Variables,Variables,Variables,Variables,Variables,Variables,Variables,Variables,Variables,Variables,Variables,Variables,Variables,Variables,Variables,Variables
"Step Name",,,,,"Alignment Status","Inspection Variable","Inspection Variable","Inspection Variable","Inspection Variable","Inspection Variable","Inspection Variable","Inspection Variable","Inspection Variable","Inspection Variable","Inspection Variable","Inspection Variable","Inspection Variable","Inspection Variable","Inspection Variable","Inspection Variable","Inspection Variable","Inspection Variable","Inspection Variable"
"Result Name",,,,,"Step Status",01_Product,"02_Alignment Score",03_Row,04_Column,"05_Device ID",06_Header,"07_Lot ID","08_Manual Pass Fail","09_Max Corner Void","10_Max Void","11_Mean Void","12_Median Void","13_Void Score","14_Device Status","15_MES ID",16_X,17_Y,Tool
Units,,,,,,,,,,,,,,,,,,,,,,,
Iteration,Date,Time,"Time (milliseconds)",Status
1,2/11/2021,"4:06:25 PM",851,Pass,Pass,TEM70,897.99432,1.00000,1.00000,1.00000,TH,MD21-09199,na,0.00000,2.50000,0.25000,0.00000,0.00000,Pass,1.00000,328.49448,147.59497,CSAM2
1,2/11/2021,"4:06:25 PM",865,Pass,Pass,TEM70,338.24707,1.00000,2.00000,2.00000,TH,MD21-09199,na,0.00000,20.90278,0.92917,0.00000,0.00000,Fail,2.00000,463.73969,175.99808,CSAM2
1,2/11/2021,"4:06:25 PM",876,Pass,Pass,TEM70,930.85889,1.00000,3.00000,3.00000,TH,MD21-09199,na,0.00000,2.63889,0.31944,0.00000,0.00000,Pass,3.00000,689.82703,149.31107,CSAM2
1,2/11/2021,"4:06:25 PM",888,Pass,Pass,TEM70,896.21594,1.00000,4.00000,4.00000,TH,MD21-09199,na,0.00000,5.13889,0.38333,0.00000,0.00000,Pass,4.00000,870.50134,149.28181,CSAM2
1,2/11/2021,"4:06:25 PM",901,Pass,Pass,TEM70,921.74915,1.00000,5.00000,5.00000,TH,MD21-09199,na,0.00000,2.50000,0.27500,0.00000,0.00000,Pass,5.00000,1049.87952,150.07034,CSAM2
1,2/11/2021,"4:06:25 PM",914,Pass,Pass,TEM70,260.59988,1.00000,6.00000,6.00000,TH,MD21-09199,na,0.00000,2.50000,0.27917,0.00000,0.00000,Fail,6.00000,1182.68604,176.15073,CSAM2
1,2/11/2021,"4:06:25 PM",926,Pass,Pass,TEM70,925.14874,1.00000,7.00000,7.00000,TH,MD21-09199,na,0.00000,3.68056,0.34444,0.00000,0.00000,Pass,7.00000,1410.31226,150.31990,CSAM2
1,2/11/2021,"4:06:25 PM",937,Pass,Pass,TEM70,943.58496,1.00000,8.00000,8.00000,TH,MD21-09199,Fail,0.00000,39.51389,2.87500,0.00000,9.00000,Fail,8.00000,1589.69470,150.66542,CSAM2
1,2/11/2021,"4:06:25 PM",948,Pass,Pass,TEM70,940.59888,1.00000,9.00000,9.00000,TH,MD21-09199,na,0.00000,14.16667,0.53889,0.00000,0.00000,Pass,9.00000,1770.12866,150.84889,CSAM2
1,2/11/2021,"4:06:25 PM",959,Pass,Pass,TEM70,943.39990,1.00000,10.00000,10.00000,TH,MD21-09199,na,0.00000,5.55556,0.31111,0.00000,0.00000,Pass,10.00000,1949.96826,151.00813,CSAM2
1,2/11/2021,"4:06:25 PM",970,Pass,Pass,TEM70,878.54108,1.00000,11.00000,11.00000,TH,MD21-09199,na,0.00000,2.91667,0.30000,0.00000,0.00000,Pass,11.00000,2130.03442,150.63696,CSAM2
1,2/11/2021,"4:06:25 PM",981,Pass,Pass,TEM70,112.37967,1.00000,12.00000,12.00000,TH,MD21-09199,na,0.00000,2.50000,0.25000,0.00000,0.00000,Fail,12.00000,2352.90503,133.06384,CSAM2
1,2/11/2021,"4:06:25 PM",992,Pass,Pass,TEM70,901.11725,2.00000,1.00000,13.00000,TH,MD21-09199,na,0.00000,2.50000,0.25972,0.00000,0.00000,Pass,24.00000,328.59735,220.69299,CSAM2
1,2/11/2021,"4:06:26 PM",003,Pass,Pass,TEM70,895.17230,2.00000,2.00000,14.00000,TH,MD21-09199,na,0.00000,2.91667,0.29444,0.00000,0.00000,Pass,23.00000,510.49445,221.71086,CSAM2
1,2/11/2021,"4:06:26 PM",015,Pass,Pass,TEM70,929.37952,2.00000,3.00000,15.00000,TH,MD21-09199,na,0.00000,2.50000,0.25000,0.00000,0.00000,Pass,22.00000,689.20807,222.21487,CSAM2
1,2/11/2021,"4:06:26 PM",026,Pass,Pass,TEM70,889.38208,2.00000,4.00000,16.00000,TH,MD21-09199,na,0.00000,2.50000,0.31528,0.00000,0.00000,Pass,21.00000,869.74792,221.99927,CSAM2
1,2/11/2021,"4:06:26 PM",038,Pass,Pass,TEM70,934.81842,2.00000,5.00000,17.00000,TH,MD21-09199,na,0.00000,14.72222,1.51667,0.00000,0.00000,Pass,20.00000,1048.97693,222.80977,CSAM2
1,2/11/2021,"4:06:26 PM",049,Pass,Pass,TEM70,909.09882,2.00000,6.00000,18.00000,TH,MD21-09199,na,0.00000,2.50000,0.25000,0.00000,0.00000,Pass,19.00000,1229.49695,222.06773,CSAM2
1,2/11/2021,"4:06:26 PM",061,Pass,Pass,TEM70,944.47156,2.00000,7.00000,19.00000,TH,MD21-09199,na,0.00000,16.73611,2.08750,0.00000,0.00000,Pass,18.00000,1409.30188,223.05766,CSAM2
1,2/11/2021,"4:06:26 PM",073,Pass,Pass,TEM70,949.45526,2.00000,8.00000,20.00000,TH,MD21-09199,na,0.00000,17.36111,1.27917,0.00000,0.00000,Pass,17.00000,1590.27612,222.85118,CSAM2
1,2/11/2021,"4:06:26 PM",084,Pass,Pass,TEM70,908.16565,2.00000,9.00000,21.00000,TH,MD21-09199,na,0.00000,4.86111,0.41389,0.00000,0.00000,Pass,16.00000,1769.94409,222.55072,CSAM2
1,2/11/2021,"4:06:26 PM",096,Pass,Pass,TEM70,932.59595,2.00000,10.00000,22.00000,TH,MD21-09199,na,0.00000,5.69444,0.40000,0.00000,0.00000,Pass,15.00000,1949.66357,223.02014,CSAM2
1,2/11/2021,"4:06:26 PM",108,Pass,Pass,TEM70,866.57269,2.00000,11.00000,23.00000,TH,MD21-09199,na,0.00000,2.50000,0.29167,0.00000,0.00000,Pass,14.00000,2129.93970,223.11378,CSAM2
1,2/11/2021,"4:06:26 PM",119,Pass,Pass,TEM70,284.24390,2.00000,12.00000,24.00000,TH,MD21-09199,na,0.00000,2.50000,0.25000,0.00000,0.00000,Fail,13.00000,2282.37671,247.13042,CSAM2
1,2/11/2021,"4:06:26 PM",130,Pass,Pass,TEM70,901.77234,3.00000,1.00000,25.00000,TH,MD21-09199,na,0.00000,2.50000,0.27222,0.00000,0.00000,Pass,25.00000,328.48380,292.75854,CSAM2
1,2/11/2021,"4:06:26 PM",142,Pass,Pass,TEM70,395.20978,3.00000,2.00000,26.00000,TH,MD21-09199,na,0.00000,2.50000,0.25000,0.00000,0.00000,Fail,26.00000,493.59683,278.18677,CSAM2
1,2/11/2021,"4:06:26 PM",154,Pass,Pass,TEM70,914.79529,3.00000,3.00000,27.00000,TH,MD21-09199,na,0.00000,2.50000,0.27639,0.00000,0.00000,Pass,27.00000,689.60419,293.89697,CSAM2
1,2/11/2021,"4:06:26 PM",166,Pass,Pass,TEM70,336.65314,3.00000,4.00000,28.00000,TH,MD21-09199,na,0.00000,5.06944,0.36389,0.00000,0.00000,Fail,28.00000,823.08820,278.57678,CSAM2
1,2/11/2021,"4:06:26 PM",177,Pass,Pass,TEM70,913.96448,3.00000,5.00000,29.00000,TH,MD21-09199,Fail,0.00000,22.50000,2.33056,0.00000,9.00000,Fail,29.00000,1051.66125,294.04361,CSAM2
1,2/11/2021,"4:06:26 PM",189,Pass,Pass,TEM70,915.80688,3.00000,6.00000,30.00000,TH,MD21-09199,na,0.00000,2.50000,0.25000,0.00000,0.00000,Pass,30.00000,1229.18201,294.34387,CSAM2
1,2/11/2021,"4:06:26 PM",201,Pass,Pass,TEM70,911.17584,3.00000,7.00000,31.00000,TH,MD21-09199,Fail,0.00000,34.58333,3.28056,0.00000,9.00000,Fail,31.00000,1411.77905,294.22034,CSAM2
1,2/11/2021,"4:06:26 PM",214,Pass,Pass,TEM70,937.38599,3.00000,8.00000,32.00000,TH,MD21-09199,na,0.00000,11.04167,0.87500,0.00000,0.00000,Pass,32.00000,1589.70215,294.43011,CSAM2
1,2/11/2021,"4:06:26 PM",226,Pass,Pass,TEM70,925.88147,3.00000,9.00000,33.00000,TH,MD21-09199,na,0.00000,18.26389,1.07778,0.00000,0.00000,Pass,33.00000,1769.54858,294.73697,CSAM2
1,2/11/2021,"4:06:26 PM",238,Pass,Pass,TEM70,926.02979,3.00000,10.00000,34.00000,TH,MD21-09199,na,0.00000,2.50000,0.25000,0.00000,0.00000,Pass,34.00000,1949.89636,295.40283,CSAM2
1,2/11/2021,"4:06:26 PM",250,Pass,Pass,TEM70,931.88000,3.00000,11.00000,35.00000,TH,MD21-09199,na,0.00000,2.50000,0.26528,0.00000,0.00000,Pass,35.00000,2130.13037,295.37540,CSAM2
1,2/11/2021,"4:06:26 PM",262,Pass,Pass,TEM70,232.16388,3.00000,12.00000,36.00000,TH,MD21-09199,na,0.00000,2.50000,0.25000,0.00000,0.00000,Fail,36.00000,2300.55469,277.70593,CSAM2
1,2/11/2021,"4:06:26 PM",274,Pass,Pass,TEM70,903.80280,4.00000,1.00000,37.00000,TH,MD21-09199,Fail,0.00000,22.36111,1.68750,0.00000,9.00000,Fail,48.00000,326.93503,365.46158,CSAM2
1,2/11/2021,"4:06:26 PM",286,Pass,Pass,TEM70,882.32031,4.00000,2.00000,38.00000,TH,MD21-09199,na,0.00000,3.47222,0.44722,0.00000,0.00000,Pass,47.00000,510.59543,366.44174,CSAM2
1,2/11/2021,"4:06:26 PM",298,Pass,Pass,TEM70,946.69696,4.00000,3.00000,39.00000,TH,MD21-09199,na,0.00000,2.50000,0.25000,0.00000,0.00000,Pass,46.00000,688.98517,366.83112,CSAM2
1,2/11/2021,"4:06:26 PM",311,Pass,Pass,TEM70,915.22333,4.00000,4.00000,40.00000,TH,MD21-09199,na,0.00000,16.31944,0.76111,0.00000,0.00000,Pass,45.00000,868.64783,366.46167,CSAM2
1,2/11/2021,"4:06:26 PM",323,Pass,Pass,TEM70,950.92542,4.00000,5.00000,41.00000,TH,MD21-09199,na,0.00000,2.50000,0.30000,0.00000,0.00000,Pass,44.00000,1050.16101,366.82355,CSAM2
1,2/11/2021,"4:06:26 PM",335,Pass,Pass,TEM70,934.91199,4.00000,6.00000,42.00000,TH,MD21-09199,na,0.00000,9.58333,0.94028,0.00000,0.00000,Pass,43.00000,1227.69714,366.97617,CSAM2
1,2/11/2021,"4:06:26 PM",348,Pass,Pass,TEM70,934.08838,4.00000,7.00000,43.00000,TH,MD21-09199,na,0.00000,2.70833,0.30417,0.00000,0.00000,Pass,42.00000,1410.81384,367.38843,CSAM2
1,2/11/2021,"4:06:26 PM",360,Pass,Pass,TEM70,928.03967,4.00000,8.00000,44.00000,TH,MD21-09199,na,0.00000,5.48611,0.36944,0.00000,0.00000,Pass,41.00000,1589.25562,367.37054,CSAM2
1,2/11/2021,"4:06:26 PM",372,Pass,Pass,TEM70,427.12833,4.00000,9.00000,45.00000,TH,MD21-09199,na,0.00000,3.81944,0.35972,0.00000,0.00000,Fail,40.00000,1755.34644,381.60321,CSAM2
1,2/11/2021,"4:06:26 PM",385,Pass,Pass,TEM70,905.61353,4.00000,10.00000,46.00000,TH,MD21-09199,na,0.00000,15.41667,1.24028,0.00000,0.00000,Pass,39.00000,1949.32861,367.97812,CSAM2
1,2/11/2021,"4:06:26 PM",397,Pass,Pass,TEM70,913.02496,4.00000,11.00000,47.00000,TH,MD21-09199,na,0.00000,13.68056,0.61389,0.00000,0.00000,Pass,38.00000,2129.93921,367.80542,CSAM2
1,2/11/2021,"4:06:26 PM",410,Pass,Pass,TEM70,231.56487,4.00000,12.00000,48.00000,TH,MD21-09199,na,0.00000,2.50000,0.25000,0.00000,0.00000,Fail,37.00000,2323.15015,348.04160,CSAM2
1,2/11/2021,"4:06:26 PM",423,Pass,Pass,TEM70,893.42383,5.00000,1.00000,49.00000,TH,MD21-09199,na,0.00000,9.93056,0.79583,0.00000,0.00000,Pass,49.00000,329.55679,437.83035,CSAM2
1,2/11/2021,"4:06:26 PM",437,Pass,Pass,TEM70,848.29681,5.00000,2.00000,50.00000,TH,MD21-09199,na,0.00000,2.50000,0.25556,0.00000,0.00000,Pass,50.00000,509.85269,438.96146,CSAM2
1,2/11/2021,"4:06:26 PM",450,Pass,Pass,TEM70,935.91193,5.00000,3.00000,51.00000,TH,MD21-09199,na,0.00000,2.50000,0.30139,0.00000,0.00000,Pass,51.00000,689.44586,439.22128,CSAM2
1,2/11/2021,"4:06:26 PM",463,Pass,Pass,TEM70,889.87195,5.00000,4.00000,52.00000,TH,MD21-09199,Fail,0.00000,42.36111,3.79583,0.00000,9.00000,Fail,52.00000,870.52887,439.28885,CSAM2
1,2/11/2021,"4:06:26 PM",476,Pass,Pass,TEM70,916.62695,5.00000,5.00000,53.00000,TH,MD21-09199,na,0.00000,9.16667,0.48472,0.00000,0.00000,Pass,53.00000,1049.92871,439.98679,CSAM2
1,2/11/2021,"4:06:26 PM",489,Pass,Pass,TEM70,936.58606,5.00000,6.00000,54.00000,TH,MD21-09199,na,0.00000,13.19444,0.61111,0.00000,0.00000,Pass,54.00000,1230.17688,439.24393,CSAM2
1,2/11/2021,"4:06:26 PM",501,Pass,Pass,TEM70,916.30743,5.00000,7.00000,55.00000,TH,MD21-09199,na,0.00000,2.50000,0.29861,0.00000,0.00000,Pass,55.00000,1410.15503,440.15683,CSAM2
1,2/11/2021,"4:06:26 PM",514,Pass,Pass,TEM70,932.07471,5.00000,8.00000,56.00000,TH,MD21-09199,na,0.00000,3.81944,0.33056,0.00000,0.00000,Pass,56.00000,1589.03882,440.45953,CSAM2
1,2/11/2021,"4:06:26 PM",527,Pass,Pass,TEM70,270.56180,5.00000,9.00000,57.00000,TH,MD21-09199,na,0.00000,3.61111,0.28056,0.00000,0.00000,Fail,57.00000,1784.19360,430.71793,CSAM2
1,2/11/2021,"4:06:26 PM",541,Pass,Pass,TEM70,939.86047,5.00000,10.00000,58.00000,TH,MD21-09199,na,0.00000,5.00000,0.34167,0.00000,0.00000,Pass,58.00000,1949.43701,440.65195,CSAM2
1,2/11/2021,"4:06:26 PM",555,Pass,Pass,TEM70,929.58844,5.00000,11.00000,59.00000,TH,MD21-09199,na,0.00000,7.63889,0.66250,0.00000,0.00000,Pass,59.00000,2129.75513,440.64780,CSAM2
1,2/11/2021,"4:06:26 PM",568,Pass,Pass,TEM70,400.54654,5.00000,12.00000,60.00000,TH,MD21-09199,na,0.00000,2.50000,0.25000,0.00000,0.00000,Fail,60.00000,2294.06152,454.77304,CSAM2
1,2/11/2021,"4:06:26 PM",582,Pass,Pass,TEM70,889.46307,6.00000,1.00000,61.00000,TH,MD21-09199,na,0.00000,2.50000,0.29861,0.00000,0.00000,Pass,72.00000,328.44968,509.86026,CSAM2
1,2/11/2021,"4:06:26 PM",594,Pass,Pass,TEM70,885.95062,6.00000,2.00000,62.00000,TH,MD21-09199,na,0.00000,2.50000,0.30694,0.00000,0.00000,Pass,71.00000,510.28290,511.20636,CSAM2
1,2/11/2021,"4:06:26 PM",607,Pass,Pass,TEM70,935.80841,6.00000,3.00000,63.00000,TH,MD21-09199,na,0.00000,3.40278,0.42500,0.00000,0.00000,Pass,70.00000,689.52802,511.20935,CSAM2
1,2/11/2021,"4:06:26 PM",620,Pass,Pass,TEM70,914.64362,6.00000,4.00000,64.00000,TH,MD21-09199,na,0.00000,12.36111,1.38889,0.00000,0.00000,Pass,69.00000,869.79059,511.18976,CSAM2
1,2/11/2021,"4:06:26 PM",633,Pass,Pass,TEM70,941.83276,6.00000,5.00000,65.00000,TH,MD21-09199,na,0.00000,17.43056,0.80278,0.00000,0.00000,Pass,68.00000,1050.02332,511.46735,CSAM2
1,2/11/2021,"4:06:26 PM",645,Pass,Pass,TEM70,930.04431,6.00000,6.00000,66.00000,TH,MD21-09199,na,0.00000,6.38889,0.37778,0.00000,0.00000,Pass,67.00000,1229.29480,511.49841,CSAM2
1,2/11/2021,"4:06:26 PM",658,Pass,Pass,TEM70,905.65106,6.00000,7.00000,67.00000,TH,MD21-09199,na,0.00000,2.50000,0.30278,0.00000,0.00000,Pass,66.00000,1410.15906,511.81003,CSAM2
1,2/11/2021,"4:06:26 PM",670,Pass,Pass,TEM70,878.83905,6.00000,8.00000,68.00000,TH,MD21-09199,na,0.00000,12.29167,0.98611,0.00000,0.00000,Pass,65.00000,1588.47070,512.30109,CSAM2
1,2/11/2021,"4:06:26 PM",684,Pass,Pass,TEM70,453.33337,6.00000,9.00000,69.00000,TH,MD21-09199,na,0.00000,2.50000,0.25000,0.00000,0.00000,Fail,64.00000,1754.00623,525.87878,CSAM2
1,2/11/2021,"4:06:26 PM",697,Pass,Pass,TEM70,927.57831,6.00000,10.00000,70.00000,TH,MD21-09199,na,0.00000,6.45833,0.37917,0.00000,0.00000,Pass,63.00000,1948.98157,512.78778,CSAM2
1,2/11/2021,"4:06:26 PM",709,Pass,Pass,TEM70,940.51666,6.00000,11.00000,71.00000,TH,MD21-09199,na,0.00000,2.50000,0.28472,0.00000,0.00000,Pass,62.00000,2129.63184,512.72729,CSAM2
1,2/11/2021,"4:06:26 PM",722,Pass,Pass,TEM70,467.36017,6.00000,12.00000,72.00000,TH,MD21-09199,na,0.00000,2.50000,0.25000,0.00000,0.00000,Fail,61.00000,2322.35718,526.46332,CSAM2
1,2/11/2021,"4:06:26 PM",735,Pass,Pass,TEM70,895.52966,7.00000,1.00000,73.00000,TH,MD21-09199,na,0.00000,2.50000,0.27222,0.00000,0.00000,Pass,73.00000,328.10413,582.50732,CSAM2
1,2/11/2021,"4:06:26 PM",748,Pass,Pass,TEM70,880.31305,7.00000,2.00000,74.00000,TH,MD21-09199,na,0.00000,6.11111,0.39444,0.00000,0.00000,Pass,74.00000,510.13544,583.44263,CSAM2
1,2/11/2021,"4:06:26 PM",761,Pass,Pass,TEM70,929.52380,7.00000,3.00000,75.00000,TH,MD21-09199,na,0.00000,2.50000,0.25000,0.00000,0.00000,Pass,75.00000,689.47107,583.55225,CSAM2
1,2/11/2021,"4:06:26 PM",774,Pass,Pass,TEM70,898.49396,7.00000,4.00000,76.00000,TH,MD21-09199,na,0.00000,6.38889,0.41944,0.00000,0.00000,Pass,76.00000,869.10413,583.78815,CSAM2
1,2/11/2021,"4:06:26 PM",788,Pass,Pass,TEM70,923.73035,7.00000,5.00000,77.00000,TH,MD21-09199,na,0.00000,7.56944,0.38194,0.00000,0.00000,Pass,77.00000,1049.42407,584.26514,CSAM2
1,2/11/2021,"4:06:26 PM",801,Pass,Pass,TEM70,903.72205,7.00000,6.00000,78.00000,TH,MD21-09199,na,0.00000,2.50000,0.28194,0.00000,0.00000,Pass,78.00000,1228.72913,583.97833,CSAM2
1,2/11/2021,"4:06:26 PM",814,Pass,Pass,TEM70,929.03772,7.00000,7.00000,79.00000,TH,MD21-09199,na,0.00000,14.86111,0.69167,0.00000,0.00000,Pass,79.00000,1409.89685,584.73047,CSAM2
1,2/11/2021,"4:06:26 PM",826,Pass,Pass,TEM70,933.03833,7.00000,8.00000,80.00000,TH,MD21-09199,na,0.00000,16.11111,2.60278,0.00000,0.00000,Pass,80.00000,1590.02771,585.02991,CSAM2
1,2/11/2021,"4:06:26 PM",839,Pass,Pass,TEM70,278.90024,7.00000,9.00000,81.00000,TH,MD21-09199,na,0.00000,2.50000,0.25000,0.00000,0.00000,Fail,81.00000,1758.31677,574.87921,CSAM2
1,2/11/2021,"4:06:26 PM",852,Pass,Pass,TEM70,925.30774,7.00000,10.00000,82.00000,TH,MD21-09199,na,0.00000,2.50000,0.27500,0.00000,0.00000,Pass,82.00000,1949.16492,584.99854,CSAM2
1,2/11/2021,"4:06:26 PM",864,Pass,Pass,TEM70,928.89990,7.00000,11.00000,83.00000,TH,MD21-09199,na,0.00000,2.50000,0.25972,0.00000,0.00000,Pass,83.00000,2129.42261,585.06268,CSAM2
1,2/11/2021,"4:06:26 PM",877,Pass,Pass,TEM70,272.20712,7.00000,12.00000,84.00000,TH,MD21-09199,na,0.00000,2.50000,0.25000,0.00000,0.00000,Fail,84.00000,2297.62109,575.79364,CSAM2
1,2/11/2021,"4:06:26 PM",890,Pass,Pass,TEM70,906.09778,8.00000,1.00000,85.00000,TH,MD21-09199,na,0.00000,2.50000,0.29167,0.00000,0.00000,Pass,96.00000,327.90207,654.96484,CSAM2
1,2/11/2021,"4:06:26 PM",903,Pass,Pass,TEM70,882.53827,8.00000,2.00000,86.00000,TH,MD21-09199,na,0.00000,5.48611,0.37639,0.00000,0.00000,Pass,95.00000,509.74405,656.50531,CSAM2
1,2/11/2021,"4:06:26 PM",916,Pass,Pass,TEM70,912.05298,8.00000,3.00000,87.00000,TH,MD21-09199,na,0.00000,2.50000,0.25000,0.00000,0.00000,Pass,94.00000,688.92358,656.13184,CSAM2
1,2/11/2021,"4:06:26 PM",929,Pass,Pass,TEM70,912.15558,8.00000,4.00000,88.00000,TH,MD21-09199,na,0.00000,9.16667,0.56944,0.00000,0.00000,Pass,93.00000,868.62439,656.44171,CSAM2
1,2/11/2021,"4:06:26 PM",943,Pass,Pass,TEM70,946.96606,8.00000,5.00000,89.00000,TH,MD21-09199,Fail,0.00000,28.81944,3.21528,0.00000,9.00000,Fail,92.00000,1048.09497,657.10309,CSAM2
1,2/11/2021,"4:06:26 PM",956,Pass,Pass,TEM70,920.22577,8.00000,6.00000,90.00000,TH,MD21-09199,na,0.00000,2.50000,0.29028,0.00000,0.00000,Pass,91.00000,1228.67078,656.46155,CSAM2
1,2/11/2021,"4:06:26 PM",969,Pass,Pass,TEM70,932.47711,8.00000,7.00000,91.00000,TH,MD21-09199,Fail,0.00000,25.00000,2.53194,0.00000,9.00000,Fail,90.00000,1408.56702,657.32080,CSAM2
1,2/11/2021,"4:06:26 PM",982,Pass,Pass,TEM70,415.31714,8.00000,8.00000,92.00000,TH,MD21-09199,na,0.00000,2.50000,0.25000,0.00000,0.00000,Fail,89.00000,1573.92725,670.43451,CSAM2
1,2/11/2021,"4:06:26 PM",995,Pass,Pass,TEM70,936.48438,8.00000,9.00000,93.00000,TH,MD21-09199,na,0.00000,3.61111,0.36667,0.00000,0.00000,Pass,88.00000,1768.90686,657.20221,CSAM2
1,2/11/2021,"4:06:27 PM",008,Pass,Pass,TEM70,918.79449,8.00000,10.00000,94.00000,TH,MD21-09199,na,0.00000,2.50000,0.25000,0.00000,0.00000,Pass,87.00000,1948.93042,657.30872,CSAM2
1,2/11/2021,"4:06:27 PM",021,Pass,Pass,TEM70,917.18555,8.00000,11.00000,95.00000,TH,MD21-09199,na,0.00000,2.50000,0.26111,0.00000,0.00000,Pass,86.00000,2129.35400,657.58606,CSAM2
1,2/11/2021,"4:06:27 PM",046,Pass,Pass,TEM70,903.62354,8.00000,12.00000,96.00000,TH,MD21-09199,na,0.00000,2.50000,0.25000,0.00000,0.00000,Pass,85.00000,2309.04663,657.84387,CSAM2
1,2/11/2021,"4:06:27 PM",061,Pass,Pass,TEM70,912.89935,9.00000,1.00000,97.00000,TH,MD21-09199,na,0.00000,2.50000,0.25556,0.00000,0.00000,Pass,97.00000,327.59531,727.08630,CSAM2
1,2/11/2021,"4:06:27 PM",074,Pass,Pass,TEM70,885.85455,9.00000,2.00000,98.00000,TH,MD21-09199,na,0.00000,10.55556,0.50833,0.00000,0.00000,Pass,98.00000,509.41931,728.88336,CSAM2
1,2/11/2021,"4:06:27 PM",088,Pass,Pass,TEM70,935.25348,9.00000,3.00000,99.00000,TH,MD21-09199,na,0.00000,2.50000,0.27083,0.00000,0.00000,Pass,99.00000,689.05542,728.47845,CSAM2
1,2/11/2021,"4:06:27 PM",101,Pass,Pass,TEM70,891.53662,9.00000,4.00000,100.00000,TH,MD21-09199,na,0.00000,16.45833,1.02361,0.00000,0.00000,Pass,100.00000,867.96893,728.91443,CSAM2
1,2/11/2021,"4:06:27 PM",115,Pass,Pass,TEM70,940.39880,9.00000,5.00000,101.00000,TH,MD21-09199,na,0.00000,13.61111,1.38333,0.00000,0.00000,Pass,101.00000,1050.61609,729.17218,CSAM2
1,2/11/2021,"4:06:27 PM",128,Pass,Pass,TEM70,922.49200,9.00000,6.00000,102.00000,TH,MD21-09199,na,0.00000,12.43056,0.52917,0.00000,0.00000,Pass,102.00000,1227.93542,729.21545,CSAM2
1,2/11/2021,"4:06:27 PM",141,Pass,Pass,TEM70,938.78149,9.00000,7.00000,103.00000,TH,MD21-09199,na,0.00000,13.88889,1.69028,0.00000,0.00000,Pass,103.00000,1411.24878,729.46307,CSAM2
1,2/11/2021,"4:06:27 PM",154,Pass,Pass,TEM70,300.37915,9.00000,8.00000,104.00000,TH,MD21-09199,na,0.00000,2.50000,0.25000,0.00000,0.00000,Fail,104.00000,1601.39685,719.66052,CSAM2
1,2/11/2021,"4:06:27 PM",167,Pass,Pass,TEM70,925.05469,9.00000,9.00000,105.00000,TH,MD21-09199,na,0.00000,15.97222,1.68056,0.00000,0.00000,Pass,105.00000,1768.17712,729.65027,CSAM2
1,2/11/2021,"4:06:27 PM",180,Pass,Pass,TEM70,891.90576,9.00000,10.00000,106.00000,TH,MD21-09199,na,0.00000,2.50000,0.26528,0.00000,0.00000,Pass,106.00000,1948.23889,729.73517,CSAM2
1,2/11/2021,"4:06:27 PM",194,Pass,Pass,TEM70,896.19385,9.00000,11.00000,107.00000,TH,MD21-09199,na,0.00000,2.50000,0.25000,0.00000,0.00000,Pass,107.00000,2129.12036,729.92029,CSAM2
1,2/11/2021,"4:06:27 PM",207,Pass,Pass,TEM70,926.89185,9.00000,12.00000,108.00000,TH,MD21-09199,na,0.00000,2.50000,0.25000,0.00000,0.00000,Pass,108.00000,2308.93921,730.59247,CSAM2
1,2/11/2021,"4:06:27 PM",220,Pass,Pass,TEM70,897.73737,10.00000,1.00000,109.00000,TH,MD21-09199,na,0.00000,19.65278,1.07778,0.00000,0.00000,Pass,120.00000,326.64169,799.79822,CSAM2
1,2/11/2021,"4:06:27 PM",233,Pass,Pass,TEM70,882.25806,10.00000,2.00000,110.00000,TH,MD21-09199,na,0.00000,13.68056,1.31667,0.00000,0.00000,Pass,119.00000,510.62344,801.05786,CSAM2
1,2/11/2021,"4:06:27 PM",246,Pass,Pass,TEM70,943.56897,10.00000,3.00000,111.00000,TH,MD21-09199,na,0.00000,2.50000,0.38194,0.00000,0.00000,Pass,118.00000,688.54999,801.21985,CSAM2
1,2/11/2021,"4:06:27 PM",260,Pass,Pass,TEM70,916.58173,10.00000,4.00000,112.00000,TH,MD21-09199,na,0.00000,15.41667,2.58889,0.00000,0.00000,Pass,117.00000,869.94647,801.30090,CSAM2
1,2/11/2021,"4:06:27 PM",273,Pass,Pass,TEM70,925.44684,10.00000,5.00000,113.00000,TH,MD21-09199,na,0.00000,10.00000,0.75694,0.00000,0.00000,Pass,116.00000,1049.63171,801.91211,CSAM2
1,2/11/2021,"4:06:27 PM",286,Pass,Pass,TEM70,926.62262,10.00000,6.00000,114.00000,TH,MD21-09199,Fail,0.00000,23.54167,1.95833,0.00000,9.00000,Fail,115.00000,1230.06262,801.19110,CSAM2
1,2/11/2021,"4:06:27 PM",299,Pass,Pass,TEM70,919.37335,10.00000,7.00000,115.00000,TH,MD21-09199,na,0.00000,2.50000,0.27917,0.00000,0.00000,Pass,114.00000,1409.67566,802.15826,CSAM2
1,2/11/2021,"4:06:27 PM",313,Pass,Pass,TEM70,929.74500,10.00000,8.00000,116.00000,TH,MD21-09199,na,0.00000,2.50000,0.28750,0.00000,0.00000,Pass,113.00000,1588.50366,802.41528,CSAM2
1,2/11/2021,"4:06:27 PM",326,Pass,Pass,TEM70,905.43402,10.00000,9.00000,117.00000,TH,MD21-09199,na,0.00000,3.05556,0.36944,0.00000,0.00000,Pass,112.00000,1769.71082,802.14343,CSAM2
1,2/11/2021,"4:06:27 PM",339,Pass,Pass,TEM70,920.61487,10.00000,10.00000,118.00000,TH,MD21-09199,na,0.00000,2.50000,0.26389,0.00000,0.00000,Pass,111.00000,1949.04590,802.74207,CSAM2
1,2/11/2021,"4:06:27 PM",352,Pass,Pass,TEM70,944.02686,10.00000,11.00000,119.00000,TH,MD21-09199,na,0.00000,2.50000,0.25000,0.00000,0.00000,Pass,110.00000,2128.88306,802.97748,CSAM2
1,2/11/2021,"4:06:27 PM",366,Pass,Pass,TEM70,896.58197,10.00000,12.00000,120.00000,TH,MD21-09199,na,0.00000,2.50000,0.26528,0.00000,0.00000,Pass,109.00000,2308.97925,802.50873,CSAM2
1,2/11/2021,"4:06:27 PM",379,Pass,Pass,TEM70,907.07709,11.00000,1.00000,121.00000,TH,MD21-09199,na,0.00000,19.72222,1.35000,0.00000,0.00000,Pass,121.00000,328.87415,871.51544,CSAM2
1,2/11/2021,"4:06:27 PM",392,Pass,Pass,TEM70,888.50378,11.00000,2.00000,122.00000,TH,MD21-09199,na,0.00000,2.50000,0.28889,0.00000,0.00000,Pass,122.00000,509.68130,873.24725,CSAM2
1,2/11/2021,"4:06:27 PM",405,Pass,Pass,TEM70,947.12372,11.00000,3.00000,123.00000,TH,MD21-09199,na,0.00000,6.94444,0.46806,0.00000,0.00000,Pass,123.00000,688.92865,873.18958,CSAM2
1,2/11/2021,"4:06:27 PM",419,Pass,Pass,TEM70,924.00928,11.00000,4.00000,124.00000,TH,MD21-09199,na,0.00000,13.26389,1.25694,0.00000,0.00000,Pass,124.00000,868.96136,873.11365,CSAM2
1,2/11/2021,"4:06:27 PM",433,Pass,Pass,TEM70,924.94885,11.00000,5.00000,125.00000,TH,MD21-09199,na,0.00000,4.09722,0.48611,0.00000,0.00000,Pass,125.00000,1049.42566,874.09161,CSAM2
1,2/11/2021,"4:06:27 PM",447,Pass,Pass,TEM70,932.48181,11.00000,6.00000,126.00000,TH,MD21-09199,na,0.00000,2.50000,0.34861,0.00000,0.00000,Pass,126.00000,1228.89075,873.32520,CSAM2
1,2/11/2021,"4:06:27 PM",460,Pass,Pass,TEM70,936.62445,11.00000,7.00000,127.00000,TH,MD21-09199,na,0.00000,2.50000,0.25000,0.00000,0.00000,Pass,127.00000,1409.44958,874.35602,CSAM2
1,2/11/2021,"4:06:27 PM",474,Pass,Pass,TEM70,934.32220,11.00000,8.00000,128.00000,TH,MD21-09199,na,0.00000,2.50000,0.27222,0.00000,0.00000,Pass,128.00000,1588.20691,874.53082,CSAM2
1,2/11/2021,"4:06:27 PM",488,Pass,Pass,TEM70,923.15375,11.00000,9.00000,129.00000,TH,MD21-09199,na,0.00000,4.37500,0.36250,0.00000,0.00000,Pass,129.00000,1769.23010,874.35394,CSAM2
1,2/11/2021,"4:06:27 PM",501,Pass,Pass,TEM70,909.34479,11.00000,10.00000,130.00000,TH,MD21-09199,na,0.00000,2.50000,0.33750,0.00000,0.00000,Pass,130.00000,1948.62305,874.90326,CSAM2
1,2/11/2021,"4:06:27 PM",514,Pass,Pass,TEM70,930.33002,11.00000,11.00000,131.00000,TH,MD21-09199,na,0.00000,3.19444,0.32500,0.00000,0.00000,Pass,131.00000,2128.51245,874.69568,CSAM2
1,2/11/2021,"4:06:27 PM",528,Pass,Pass,TEM70,914.32678,11.00000,12.00000,132.00000,TH,MD21-09199,na,0.00000,2.50000,0.25000,0.00000,0.00000,Pass,132.00000,2308.51294,875.25934,CSAM2
1,2/11/2021,"4:06:27 PM",545,Pass,Pass,TEM70,906.88239,12.00000,1.00000,133.00000,TH,MD21-09199,na,0.00000,2.50000,0.33889,0.00000,0.00000,Pass,144.00000,327.82297,944.62408,CSAM2
1,2/11/2021,"4:06:27 PM",561,Pass,Pass,TEM70,877.73743,12.00000,2.00000,134.00000,TH,MD21-09199,na,0.00000,8.05556,0.44028,0.00000,0.00000,Pass,143.00000,509.79834,945.72937,CSAM2
1,2/11/2021,"4:06:27 PM",577,Pass,Pass,TEM70,928.48083,12.00000,3.00000,135.00000,TH,MD21-09199,na,0.00000,2.50000,0.25000,0.00000,0.00000,Pass,142.00000,688.56134,945.53571,CSAM2
1,2/11/2021,"4:06:27 PM",590,Pass,Pass,TEM70,897.92126,12.00000,4.00000,136.00000,TH,MD21-09199,na,0.00000,2.91667,0.29444,0.00000,0.00000,Pass,141.00000,868.23108,945.78046,CSAM2
1,2/11/2021,"4:06:27 PM",604,Pass,Pass,TEM70,946.68207,12.00000,5.00000,137.00000,TH,MD21-09199,na,0.00000,12.29167,0.77361,0.00000,0.00000,Pass,140.00000,1049.14526,946.50568,CSAM2
1,2/11/2021,"4:06:27 PM",618,Pass,Pass,TEM70,907.78290,12.00000,6.00000,138.00000,TH,MD21-09199,na,0.00000,2.50000,0.25833,0.00000,0.00000,Pass,139.00000,1228.54199,945.74432,CSAM2
1,2/11/2021,"4:06:27 PM",631,Pass,Pass,TEM70,937.53680,12.00000,7.00000,139.00000,TH,MD21-09199,na,0.00000,2.50000,0.27500,0.00000,0.00000,Pass,138.00000,1409.31372,946.48352,CSAM2
1,2/11/2021,"4:06:27 PM",644,Pass,Pass,TEM70,925.20099,12.00000,8.00000,140.00000,TH,MD21-09199,na,0.00000,10.00000,1.35556,0.00000,0.00000,Pass,137.00000,1587.17834,946.92950,CSAM2
1,2/11/2021,"4:06:27 PM",658,Pass,Pass,TEM70,401.43024,12.00000,9.00000,141.00000,TH,MD21-09199,na,0.00000,2.50000,0.25000,0.00000,0.00000,Fail,136.00000,1782.98352,931.89496,CSAM2
1,2/11/2021,"4:06:27 PM",671,Pass,Pass,TEM70,301.91150,12.00000,10.00000,142.00000,TH,MD21-09199,na,0.00000,71.45833,3.88750,0.00000,0.00000,Fail,135.00000,1934.27527,931.83618,CSAM2
1,2/11/2021,"4:06:27 PM",685,Pass,Pass,TEM70,932.65771,12.00000,11.00000,143.00000,TH,MD21-09199,na,0.00000,3.05556,0.26944,0.00000,0.00000,Pass,134.00000,2128.46582,946.91638,CSAM2
1,2/11/2021,"4:06:27 PM",698,Pass,Pass,TEM70,912.07001,12.00000,12.00000,144.00000,TH,MD21-09199,na,0.00000,2.50000,0.25000,0.00000,0.00000,Pass,133.00000,2308.61890,947.74493,CSAM2
1,2/11/2021,"4:06:27 PM",712,Pass,Pass,TEM70,902.85834,13.00000,1.00000,145.00000,TH,MD21-09199,na,0.00000,5.48611,0.37083,0.00000,0.00000,Pass,145.00000,327.53406,1017.23431,CSAM2
1,2/11/2021,"4:06:27 PM",725,Pass,Pass,TEM70,897.75659,13.00000,2.00000,146.00000,TH,MD21-09199,na,0.00000,2.91667,0.33611,0.00000,0.00000,Pass,146.00000,509.11288,1018.32190,CSAM2
1,2/11/2021,"4:06:27 PM",739,Pass,Pass,TEM70,930.26984,13.00000,3.00000,147.00000,TH,MD21-09199,na,0.00000,2.50000,0.25000,0.00000,0.00000,Pass,147.00000,688.80249,1018.38971,CSAM2
1,2/11/2021,"4:06:27 PM",752,Pass,Pass,TEM70,897.14685,13.00000,4.00000,148.00000,TH,MD21-09199,na,0.00000,4.44444,0.36944,0.00000,0.00000,Pass,148.00000,868.05219,1018.52374,CSAM2
1,2/11/2021,"4:06:27 PM",766,Pass,Pass,TEM70,933.70404,13.00000,5.00000,149.00000,TH,MD21-09199,na,0.00000,9.16667,1.20833,0.00000,0.00000,Pass,149.00000,1048.30237,1019.16815,CSAM2
1,2/11/2021,"4:06:27 PM",779,Pass,Pass,TEM70,938.86725,13.00000,6.00000,150.00000,TH,MD21-09199,na,0.00000,2.50000,0.26806,0.00000,0.00000,Pass,150.00000,1228.11536,1018.80054,CSAM2
1,2/11/2021,"4:06:27 PM",793,Pass,Pass,TEM70,930.40106,13.00000,7.00000,151.00000,TH,MD21-09199,na,0.00000,16.80556,1.08611,0.00000,0.00000,Pass,151.00000,1408.75269,1019.07269,CSAM2
1,2/11/2021,"4:06:27 PM",807,Pass,Pass,TEM70,571.94861,13.00000,8.00000,152.00000,TH,MD21-09199,na,0.00000,31.52778,6.45833,1.04167,0.00000,Fail,152.00000,1618.51819,1045.33203,CSAM2
1,2/11/2021,"4:06:27 PM",820,Pass,Pass,TEM70,261.20306,13.00000,9.00000,153.00000,TH,MD21-09199,na,0.00000,50.83333,1.74028,0.00000,0.00000,Fail,153.00000,1733.43970,1004.18683,CSAM2
1,2/11/2021,"4:06:27 PM",834,Pass,Pass,TEM70,226.78552,13.00000,10.00000,154.00000,TH,MD21-09199,na,0.00000,2.50000,0.25000,0.00000,0.00000,Fail,154.00000,1934.55359,1036.64282,CSAM2
1,2/11/2021,"4:06:27 PM",847,Pass,Pass,TEM70,916.09357,13.00000,11.00000,155.00000,TH,MD21-09199,na,0.00000,11.18056,0.47361,0.00000,0.00000,Pass,155.00000,2128.73877,1019.62518,CSAM2
1,2/11/2021,"4:06:27 PM",861,Pass,Pass,TEM70,917.69519,13.00000,12.00000,156.00000,TH,MD21-09199,na,0.00000,2.50000,0.25000,0.00000,0.00000,Pass,156.00000,2308.71899,1020.42346,CSAM2
1,2/11/2021,"4:06:27 PM",874,Pass,Pass,TEM70,912.55371,14.00000,1.00000,157.00000,TH,MD21-09199,na,0.00000,2.50000,0.27917,0.00000,0.00000,Pass,168.00000,327.51425,1089.38232,CSAM2
1,2/11/2021,"4:06:27 PM",887,Pass,Pass,TEM70,857.66638,14.00000,2.00000,158.00000,TH,MD21-09199,Pass,0.00000,26.04167,1.28889,0.00000,0.00000,Pass,167.00000,507.94107,1091.06262,CSAM2
1,2/11/2021,"4:06:27 PM",901,Pass,Pass,TEM70,947.69348,14.00000,3.00000,159.00000,TH,MD21-09199,na,0.00000,2.50000,0.25000,0.00000,0.00000,Pass,166.00000,688.49969,1090.81384,CSAM2
1,2/11/2021,"4:06:27 PM",915,Pass,Pass,TEM70,913.83447,14.00000,4.00000,160.00000,TH,MD21-09199,Fail,0.00000,28.12500,3.22778,0.00000,9.00000,Fail,165.00000,867.63916,1090.91968,CSAM2
1,2/11/2021,"4:06:27 PM",929,Pass,Pass,TEM70,935.56104,14.00000,5.00000,161.00000,TH,MD21-09199,Fail,0.00000,39.37500,5.41528,0.00000,9.00000,Fail,164.00000,1050.46436,1091.23877,CSAM2
1,2/11/2021,"4:06:27 PM",942,Pass,Pass,TEM70,924.53210,14.00000,6.00000,162.00000,TH,MD21-09199,na,0.00000,2.50000,0.30000,0.00000,0.00000,Pass,163.00000,1227.44556,1091.11511,CSAM2
1,2/11/2021,"4:06:27 PM",956,Pass,Pass,TEM70,920.02386,14.00000,7.00000,163.00000,TH,MD21-09199,Fail,0.00000,31.73611,4.98333,0.00000,9.00000,Fail,162.00000,1407.65295,1092.22620,CSAM2
1,2/11/2021,"4:06:27 PM",969,Pass,Pass,TEM70,227.25294,14.00000,8.00000,164.00000,TH,MD21-09199,na,0.00000,73.26389,11.60139,0.00000,0.00000,Fail,161.00000,1618.18127,1073.55969,CSAM2
1,2/11/2021,"4:06:27 PM",983,Pass,Pass,TEM70,374.98422,14.00000,9.00000,165.00000,TH,MD21-09199,na,0.00000,4.02778,0.28056,0.00000,0.00000,Fail,160.00000,1782.99060,1075.70154,CSAM2
1,2/11/2021,"4:06:27 PM",997,Pass,Pass,TEM70,897.10510,14.00000,10.00000,166.00000,TH,MD21-09199,na,0.00000,2.50000,0.25556,0.00000,0.00000,Pass,159.00000,1948.58130,1091.97131,CSAM2
1,2/11/2021,"4:06:28 PM",010,Pass,Pass,TEM70,918.38428,14.00000,11.00000,167.00000,TH,MD21-09199,na,0.00000,2.50000,0.30556,0.00000,0.00000,Pass,158.00000,2128.63599,1091.72095,CSAM2
1,2/11/2021,"4:06:28 PM",024,Pass,Pass,TEM70,913.98187,14.00000,12.00000,168.00000,TH,MD21-09199,na,0.00000,2.50000,0.27500,0.00000,0.00000,Pass,157.00000,2308.60034,1092.62988,CSAM2
1,2/11/2021,"4:06:28 PM",038,Pass,Pass,TEM70,909.94757,15.00000,1.00000,169.00000,TH,MD21-09199,na,0.00000,2.50000,0.25000,0.00000,0.00000,Pass,169.00000,327.27856,1161.38330,CSAM2
1,2/11/2021,"4:06:28 PM",051,Pass,Pass,TEM70,887.88165,15.00000,2.00000,170.00000,TH,MD21-09199,na,0.00000,4.44444,0.36250,0.00000,0.00000,Pass,170.00000,509.35599,1162.76428,CSAM2
1,2/11/2021,"4:06:28 PM",064,Pass,Pass,TEM70,946.60254,15.00000,3.00000,171.00000,TH,MD21-09199,na,0.00000,2.50000,0.25556,0.00000,0.00000,Pass,171.00000,688.65570,1162.64966,CSAM2
1,2/11/2021,"4:06:28 PM",079,Pass,Pass,TEM70,912.97467,15.00000,4.00000,172.00000,TH,MD21-09199,na,0.00000,3.54167,0.40833,0.00000,0.00000,Pass,172.00000,868.56689,1162.68176,CSAM2
1,2/11/2021,"4:06:28 PM",093,Pass,Pass,TEM70,258.10367,15.00000,5.00000,173.00000,TH,MD21-09199,na,0.00000,2.50000,0.26667,0.00000,0.00000,Fail,173.00000,1039.43091,1148.48010,CSAM2
1,2/11/2021,"4:06:28 PM",106,Pass,Pass,TEM70,910.23395,15.00000,6.00000,174.00000,TH,MD21-09199,na,0.00000,15.27778,1.73056,0.00000,0.00000,Pass,174.00000,1226.70374,1163.13428,CSAM2
1,2/11/2021,"4:06:28 PM",120,Pass,Pass,TEM70,946.32404,15.00000,7.00000,175.00000,TH,MD21-09199,na,0.00000,8.68056,1.12222,0.00000,0.00000,Pass,175.00000,1409.92273,1163.15454,CSAM2
1,2/11/2021,"4:06:28 PM",134,Pass,Pass,TEM70,919.89514,15.00000,8.00000,176.00000,TH,MD21-09199,na,0.00000,15.06944,2.82639,0.00000,0.00000,Pass,176.00000,1587.15894,1164.15735,CSAM2
1,2/11/2021,"4:06:28 PM",149,Pass,Pass,TEM70,400.90723,15.00000,9.00000,177.00000,TH,MD21-09199,na,0.00000,2.50000,0.27778,0.00000,0.00000,Fail,177.00000,1783.02539,1149.22644,CSAM2
1,2/11/2021,"4:06:28 PM",164,Pass,Pass,TEM70,891.82367,15.00000,10.00000,178.00000,TH,MD21-09199,na,0.00000,2.50000,0.29583,0.00000,0.00000,Pass,178.00000,1948.28882,1164.01147,CSAM2
1,2/11/2021,"4:06:28 PM",178,Pass,Pass,TEM70,913.35468,15.00000,11.00000,179.00000,TH,MD21-09199,na,0.00000,2.50000,0.32361,0.00000,0.00000,Pass,179.00000,2128.47656,1163.68030,CSAM2
1,2/11/2021,"4:06:28 PM",194,Pass,Pass,TEM70,931.61279,15.00000,12.00000,180.00000,TH,MD21-09199,na,0.00000,2.50000,0.25972,0.00000,0.00000,Pass,180.00000,2308.54810,1164.54822,CSAM2
1,2/11/2021,"4:06:28 PM",208,Pass,Pass,TEM70,898.54004,16.00000,1.00000,181.00000,TH,MD21-09199,na,0.00000,2.50000,0.28056,0.00000,0.00000,Pass,192.00000,326.20627,1234.79297,CSAM2
1,2/11/2021,"4:06:28 PM",223,Pass,Pass,TEM70,880.53784,16.00000,2.00000,182.00000,TH,MD21-09199,na,0.00000,2.50000,0.25833,0.00000,0.00000,Pass,191.00000,508.78613,1235.63477,CSAM2
1,2/11/2021,"4:06:28 PM",238,Pass,Pass,TEM70,942.35883,16.00000,3.00000,183.00000,TH,MD21-09199,na,0.00000,2.50000,0.25000,0.00000,0.00000,Pass,190.00000,688.59601,1235.31519,CSAM2
1,2/11/2021,"4:06:28 PM",253,Pass,Pass,TEM70,901.02759,16.00000,4.00000,184.00000,TH,MD21-09199,Fail,0.00000,30.90278,3.71806,0.00000,9.00000,Fail,189.00000,866.82697,1235.58264,CSAM2
1,2/11/2021,"4:06:28 PM",268,Pass,Pass,TEM70,920.96594,16.00000,5.00000,185.00000,TH,MD21-09199,na,0.00000,2.50000,0.25000,0.00000,0.00000,Pass,188.00000,1049.06323,1236.00061,CSAM2
1,2/11/2021,"4:06:28 PM",283,Pass,Pass,TEM70,913.84326,16.00000,6.00000,186.00000,TH,MD21-09199,na,0.00000,15.20833,2.26389,0.00000,0.00000,Pass,187.00000,1229.43848,1235.17249,CSAM2
1,2/11/2021,"4:06:28 PM",298,Pass,Pass,TEM70,935.36139,16.00000,7.00000,187.00000,TH,MD21-09199,na,0.00000,2.50000,0.29861,0.00000,0.00000,Pass,186.00000,1409.11426,1236.29041,CSAM2
1,2/11/2021,"4:06:28 PM",313,Pass,Pass,TEM70,914.56018,16.00000,8.00000,188.00000,TH,MD21-09199,Fail,0.00000,20.13889,2.42917,0.00000,9.00000,Fail,185.00000,1589.29980,1236.29846,CSAM2
1,2/11/2021,"4:06:28 PM",328,Pass,Pass,TEM70,465.98260,16.00000,9.00000,189.00000,TH,MD21-09199,na,0.00000,2.50000,0.25000,0.00000,0.00000,Fail,184.00000,1754.56128,1222.90308,CSAM2
1,2/11/2021,"4:06:28 PM",343,Pass,Pass,TEM70,931.24420,16.00000,10.00000,190.00000,TH,MD21-09199,na,0.00000,2.50000,0.31389,0.00000,0.00000,Pass,183.00000,1948.01208,1236.84851,CSAM2
1,2/11/2021,"4:06:28 PM",358,Pass,Pass,TEM70,921.13495,16.00000,11.00000,191.00000,TH,MD21-09199,na,0.00000,3.05556,0.26111,0.00000,0.00000,Pass,182.00000,2128.33228,1236.42444,CSAM2
1,2/11/2021,"4:06:28 PM",373,Pass,Pass,TEM70,935.90930,16.00000,12.00000,192.00000,TH,MD21-09199,na,0.00000,2.50000,0.25000,0.00000,0.00000,Pass,181.00000,2308.16748,1237.18250,CSAM2
1,2/11/2021,"4:06:28 PM",388,Pass,Pass,TEM70,899.43555,17.00000,1.00000,193.00000,TH,MD21-09199,na,0.00000,17.91667,1.35000,0.00000,0.00000,Pass,193.00000,327.91943,1305.61084,CSAM2
1,2/11/2021,"4:06:28 PM",407,Pass,Pass,TEM70,886.65363,17.00000,2.00000,194.00000,TH,MD21-09199,na,0.00000,4.09722,0.33750,0.00000,0.00000,Pass,194.00000,508.72882,1307.70471,CSAM2
1,2/11/2021,"4:06:28 PM",422,Pass,Pass,TEM70,931.37451,17.00000,3.00000,195.00000,TH,MD21-09199,na,0.00000,2.50000,0.25000,0.00000,0.00000,Pass,195.00000,688.14502,1307.49829,CSAM2
1,2/11/2021,"4:06:28 PM",438,Pass,Pass,TEM70,906.50043,17.00000,4.00000,196.00000,TH,MD21-09199,na,0.00000,14.58333,1.09861,0.00000,0.00000,Pass,196.00000,868.43420,1307.41272,CSAM2
1,2/11/2021,"4:06:28 PM",453,Pass,Pass,TEM70,928.80774,17.00000,5.00000,197.00000,TH,MD21-09199,na,0.00000,2.50000,0.25000,0.00000,0.00000,Pass,197.00000,1049.05090,1308.14734,CSAM2
1,2/11/2021,"4:06:28 PM",468,Pass,Pass,TEM70,921.60828,17.00000,6.00000,198.00000,TH,MD21-09199,na,0.00000,5.27778,0.45694,0.00000,0.00000,Pass,198.00000,1228.07458,1307.52893,CSAM2
1,2/11/2021,"4:06:28 PM",483,Pass,Pass,TEM70,929.92657,17.00000,7.00000,199.00000,TH,MD21-09199,na,0.00000,2.50000,0.32639,0.00000,0.00000,Pass,199.00000,1408.75134,1308.24512,CSAM2
1,2/11/2021,"4:06:28 PM",499,Pass,Pass,TEM70,916.68066,17.00000,8.00000,200.00000,TH,MD21-09199,na,0.00000,5.00000,0.30417,0.00000,0.00000,Pass,200.00000,1587.83630,1308.18970,CSAM2
1,2/11/2021,"4:06:28 PM",513,Pass,Pass,TEM70,363.68011,17.00000,9.00000,201.00000,TH,MD21-09199,na,0.00000,3.33333,0.27778,0.00000,0.00000,Fail,201.00000,1783.65686,1294.75586,CSAM2
1,2/11/2021,"4:06:28 PM",529,Pass,Pass,TEM70,937.65216,17.00000,10.00000,202.00000,TH,MD21-09199,na,0.00000,13.26389,0.83333,0.00000,0.00000,Pass,202.00000,1949.09619,1308.83984,CSAM2
1,2/11/2021,"4:06:28 PM",545,Pass,Pass,TEM70,935.15302,17.00000,11.00000,203.00000,TH,MD21-09199,na,0.00000,2.50000,0.27361,0.00000,0.00000,Pass,203.00000,2128.16699,1308.78687,CSAM2
1,2/11/2021,"4:06:28 PM",561,Pass,Pass,TEM70,947.09143,17.00000,12.00000,204.00000,TH,MD21-09199,na,0.00000,2.50000,0.25556,0.00000,0.00000,Pass,204.00000,2307.95850,1309.17102,CSAM2
1,2/11/2021,"4:06:28 PM",577,Pass,Pass,TEM70,909.42194,18.00000,1.00000,205.00000,TH,MD21-09199,na,0.00000,2.50000,0.26250,0.00000,0.00000,Pass,216.00000,327.49890,1378.48840,CSAM2
1,2/11/2021,"4:06:28 PM",593,Pass,Pass,TEM70,884.96924,18.00000,2.00000,206.00000,TH,MD21-09199,na,0.00000,2.50000,0.27917,0.00000,0.00000,Pass,215.00000,508.51038,1379.56250,CSAM2
1,2/11/2021,"4:06:28 PM",608,Pass,Pass,TEM70,930.89435,18.00000,3.00000,207.00000,TH,MD21-09199,na,0.00000,2.50000,0.25000,0.00000,0.00000,Pass,214.00000,688.23438,1379.50562,CSAM2
1,2/11/2021,"4:06:28 PM",623,Pass,Pass,TEM70,901.09381,18.00000,4.00000,208.00000,TH,MD21-09199,na,0.00000,2.50000,0.32083,0.00000,0.00000,Pass,213.00000,867.89978,1379.65466,CSAM2
1,2/11/2021,"4:06:28 PM",638,Pass,Pass,TEM70,939.32971,18.00000,5.00000,209.00000,TH,MD21-09199,na,0.00000,2.50000,0.28056,0.00000,0.00000,Pass,212.00000,1048.52014,1380.53772,CSAM2
1,2/11/2021,"4:06:28 PM",653,Pass,Pass,TEM70,907.77393,18.00000,6.00000,210.00000,TH,MD21-09199,Fail,0.00000,41.94444,5.91111,0.00000,9.00000,Fail,211.00000,1227.08447,1379.85767,CSAM2
1,2/11/2021,"4:06:28 PM",668,Pass,Pass,TEM70,940.15222,18.00000,7.00000,211.00000,TH,MD21-09199,na,0.00000,6.59722,0.48611,0.00000,0.00000,Pass,210.00000,1408.69470,1380.76440,CSAM2
1,2/11/2021,"4:06:28 PM",683,Pass,Pass,TEM70,922.46545,18.00000,8.00000,212.00000,TH,MD21-09199,Fail,0.00000,37.91667,4.60000,0.00000,9.00000,Fail,209.00000,1587.24744,1380.74377,CSAM2
1,2/11/2021,"4:06:28 PM",699,Pass,Pass,TEM70,379.96417,18.00000,9.00000,213.00000,TH,MD21-09199,na,0.00000,2.50000,0.25000,0.00000,0.00000,Fail,208.00000,1723.02466,1366.25208,CSAM2
1,2/11/2021,"4:06:28 PM",714,Pass,Pass,TEM70,945.47870,18.00000,10.00000,214.00000,TH,MD21-09199,na,0.00000,15.41667,0.80556,0.00000,0.00000,Pass,207.00000,1948.33765,1381.24548,CSAM2
1,2/11/2021,"4:06:28 PM",729,Pass,Pass,TEM70,933.31189,18.00000,11.00000,215.00000,TH,MD21-09199,na,0.00000,2.50000,0.28056,0.00000,0.00000,Pass,206.00000,2127.83276,1381.01111,CSAM2
1,2/11/2021,"4:06:28 PM",744,Pass,Pass,TEM70,941.98962,18.00000,12.00000,216.00000,TH,MD21-09199,na,0.00000,2.50000,0.25000,0.00000,0.00000,Pass,205.00000,2307.95410,1381.46460,CSAM2
1,2/11/2021,"4:06:28 PM",759,Pass,Pass,TEM70,920.25537,19.00000,1.00000,217.00000,TH,MD21-09199,na,0.00000,2.50000,0.30833,0.00000,0.00000,Pass,217.00000,326.95511,1450.52234,CSAM2
1,2/11/2021,"4:06:28 PM",774,Pass,Pass,TEM70,873.15027,19.00000,2.00000,218.00000,TH,MD21-09199,Fail,0.00000,20.06944,2.32917,0.00000,9.00000,Fail,218.00000,507.54608,1452.90356,CSAM2
1,2/11/2021,"4:06:28 PM",789,Pass,Pass,TEM70,934.13611,19.00000,3.00000,219.00000,TH,MD21-09199,na,0.00000,2.50000,0.25000,0.00000,0.00000,Pass,219.00000,687.96283,1452.29321,CSAM2
1,2/11/2021,"4:06:28 PM",804,Pass,Pass,TEM70,917.94946,19.00000,4.00000,220.00000,TH,MD21-09199,na,0.00000,2.50000,0.32083,0.00000,0.00000,Pass,220.00000,867.02258,1452.49683,CSAM2
1,2/11/2021,"4:06:28 PM",820,Pass,Pass,TEM70,944.35474,19.00000,5.00000,221.00000,TH,MD21-09199,na,0.00000,15.97222,1.58750,0.00000,0.00000,Pass,221.00000,1047.08142,1453.14478,CSAM2
1,2/11/2021,"4:06:28 PM",835,Pass,Pass,TEM70,280.52353,19.00000,6.00000,222.00000,TH,MD21-09199,na,0.00000,2.50000,0.25000,0.00000,0.00000,Fail,222.00000,1217.19275,1438.00208,CSAM2
1,2/11/2021,"4:06:28 PM",851,Pass,Pass,TEM70,934.04773,19.00000,7.00000,223.00000,TH,MD21-09199,na,0.00000,12.77778,1.25972,0.00000,0.00000,Pass,223.00000,1407.80127,1453.17017,CSAM2
1,2/11/2021,"4:06:28 PM",867,Pass,Pass,TEM70,273.53210,19.00000,8.00000,224.00000,TH,MD21-09199,na,0.00000,4.16667,0.30556,0.00000,0.00000,Fail,224.00000,1578.51831,1438.19604,CSAM2
1,2/11/2021,"4:06:28 PM",882,Pass,Pass,TEM70,290.62204,19.00000,9.00000,225.00000,TH,MD21-09199,na,0.00000,2.50000,0.25000,0.00000,0.00000,Fail,225.00000,1757.78650,1442.67871,CSAM2
1,2/11/2021,"4:06:28 PM",899,Pass,Pass,TEM70,912.08710,19.00000,10.00000,226.00000,TH,MD21-09199,na,0.00000,13.88889,1.40000,0.00000,0.00000,Pass,226.00000,1947.07214,1453.88806,CSAM2
1,2/11/2021,"4:06:28 PM",916,Pass,Pass,TEM70,921.78735,19.00000,11.00000,227.00000,TH,MD21-09199,na,0.00000,2.50000,0.29444,0.00000,0.00000,Pass,227.00000,2127.90210,1453.57788,CSAM2
1,2/11/2021,"4:06:28 PM",933,Pass,Pass,TEM70,903.17499,19.00000,12.00000,228.00000,TH,MD21-09199,na,0.00000,2.50000,0.25556,0.00000,0.00000,Pass,228.00000,2307.91260,1453.99976,CSAM2
1,2/11/2021,"4:06:28 PM",949,Pass,Pass,TEM70,914.18756,20.00000,1.00000,229.00000,TH,MD21-09199,na,0.00000,2.50000,0.25556,0.00000,0.00000,Pass,240.00000,327.29230,1523.01709,CSAM2
1,2/11/2021,"4:06:28 PM",965,Pass,Pass,TEM70,897.33368,20.00000,2.00000,230.00000,TH,MD21-09199,na,0.00000,2.50000,0.28472,0.00000,0.00000,Pass,239.00000,508.68976,1524.72278,CSAM2
1,2/11/2021,"4:06:28 PM",981,Pass,Pass,TEM70,947.65570,20.00000,3.00000,231.00000,TH,MD21-09199,na,0.00000,2.50000,0.25000,0.00000,0.00000,Pass,238.00000,688.17603,1524.84875,CSAM2
1,2/11/2021,"4:06:28 PM",997,Pass,Pass,TEM70,893.69501,20.00000,4.00000,232.00000,TH,MD21-09199,na,0.00000,10.83333,1.42639,0.00000,0.00000,Pass,237.00000,868.52863,1524.55859,CSAM2
1,2/11/2021,"4:06:29 PM",014,Pass,Pass,TEM70,946.45105,20.00000,5.00000,233.00000,TH,MD21-09199,na,0.00000,2.50000,0.30000,0.00000,0.00000,Pass,236.00000,1049.55359,1524.84619,CSAM2
1,2/11/2021,"4:06:29 PM",030,Pass,Pass,TEM70,926.03857,20.00000,6.00000,234.00000,TH,MD21-09199,na,0.00000,2.50000,0.25000,0.00000,0.00000,Pass,235.00000,1227.47559,1524.86890,CSAM2
1,2/11/2021,"4:06:29 PM",046,Pass,Pass,TEM70,935.31226,20.00000,7.00000,235.00000,TH,MD21-09199,na,0.00000,11.31944,1.18333,0.00000,0.00000,Pass,234.00000,1410.57117,1526.45984,CSAM2
1,2/11/2021,"4:06:29 PM",062,Pass,Pass,TEM70,928.15442,20.00000,8.00000,236.00000,TH,MD21-09199,na,0.00000,2.50000,0.25000,0.00000,0.00000,Pass,233.00000,1587.65332,1525.46643,CSAM2
1,2/11/2021,"4:06:29 PM",079,Pass,Pass,TEM70,927.07477,20.00000,9.00000,237.00000,TH,MD21-09199,na,0.00000,14.65278,1.91250,0.00000,0.00000,Pass,232.00000,1768.30798,1525.58459,CSAM2
1,2/11/2021,"4:06:29 PM",096,Pass,Pass,TEM70,914.99060,20.00000,10.00000,238.00000,TH,MD21-09199,na,0.00000,7.50000,0.67083,0.00000,0.00000,Pass,231.00000,1948.31897,1525.90942,CSAM2
1,2/11/2021,"4:06:29 PM",112,Pass,Pass,TEM70,916.83246,20.00000,11.00000,239.00000,TH,MD21-09199,na,0.00000,2.50000,0.25556,0.00000,0.00000,Pass,230.00000,2127.79199,1525.72302,CSAM2
1,2/11/2021,"4:06:29 PM",129,Pass,Pass,TEM70,930.44110,20.00000,12.00000,240.00000,TH,MD21-09199,na,0.00000,2.50000,0.25000,0.00000,0.00000,Pass,229.00000,2307.97876,1526.38782,CSAM2
1,2/11/2021,"4:06:29 PM",146,Pass,Pass,TEM70,916.14026,21.00000,1.00000,241.00000,TH,MD21-09199,na,0.00000,2.50000,0.36389,0.00000,0.00000,Pass,241.00000,326.76068,1595.07446,CSAM2
1,2/11/2021,"4:06:29 PM",163,Pass,Pass,TEM70,881.10376,21.00000,2.00000,242.00000,TH,MD21-09199,na,0.00000,2.50000,0.25556,0.00000,0.00000,Pass,242.00000,508.51361,1596.91211,CSAM2
1,2/11/2021,"4:06:29 PM",181,Pass,Pass,TEM70,941.96295,21.00000,3.00000,243.00000,TH,MD21-09199,na,0.00000,2.50000,0.25000,0.00000,0.00000,Pass,243.00000,687.79419,1596.86096,CSAM2
1,2/11/2021,"4:06:29 PM",200,Pass,Pass,TEM70,910.60248,21.00000,4.00000,244.00000,TH,MD21-09199,na,0.00000,4.30556,0.47500,0.00000,0.00000,Pass,244.00000,867.83490,1596.63379,CSAM2
1,2/11/2021,"4:06:29 PM",218,Pass,Pass,TEM70,944.25073,21.00000,5.00000,245.00000,TH,MD21-09199,na,0.00000,2.50000,0.25000,0.00000,0.00000,Pass,245.00000,1048.66895,1597.33228,CSAM2
1,2/11/2021,"4:06:29 PM",237,Pass,Pass,TEM70,917.53796,21.00000,6.00000,246.00000,TH,MD21-09199,na,0.00000,7.91667,0.68056,0.00000,0.00000,Pass,246.00000,1225.77234,1597.05603,CSAM2
1,2/11/2021,"4:06:29 PM",254,Pass,Pass,TEM70,925.56873,21.00000,7.00000,247.00000,TH,MD21-09199,na,0.00000,2.50000,0.25972,0.00000,0.00000,Pass,247.00000,1408.22693,1597.70300,CSAM2
1,2/11/2021,"4:06:29 PM",272,Pass,Pass,TEM70,898.06024,21.00000,8.00000,248.00000,TH,MD21-09199,na,0.00000,14.65278,1.35972,0.00000,0.00000,Pass,248.00000,1586.34912,1597.75647,CSAM2
1,2/11/2021,"4:06:29 PM",290,Pass,Pass,TEM70,930.05511,21.00000,9.00000,249.00000,TH,MD21-09199,na,0.00000,2.50000,0.32222,0.00000,0.00000,Pass,249.00000,1768.49292,1597.51147,CSAM2
1,2/11/2021,"4:06:29 PM",309,Pass,Pass,TEM70,916.13806,21.00000,10.00000,250.00000,TH,MD21-09199,na,0.00000,5.00000,0.34167,0.00000,0.00000,Pass,250.00000,1948.03113,1598.12158,CSAM2
1,2/11/2021,"4:06:29 PM",327,Pass,Pass,TEM70,939.84479,21.00000,11.00000,251.00000,TH,MD21-09199,na,0.00000,18.54167,1.04444,0.00000,0.00000,Pass,251.00000,2127.53589,1598.69043,CSAM2
1,2/11/2021,"4:06:29 PM",346,Pass,Pass,TEM70,950.23224,21.00000,12.00000,252.00000,TH,MD21-09199,na,0.00000,2.50000,0.28750,0.00000,0.00000,Pass,252.00000,2308.06567,1598.73059,CSAM2
1,2/11/2021,"4:06:29 PM",364,Pass,Pass,TEM70,915.35181,22.00000,1.00000,253.00000,TH,MD21-09199,na,0.00000,2.50000,0.25000,0.00000,0.00000,Pass,264.00000,326.47742,1667.68579,CSAM2
1,2/11/2021,"4:06:29 PM",383,Pass,Pass,TEM70,886.51892,22.00000,2.00000,254.00000,TH,MD21-09199,na,0.00000,2.50000,0.27639,0.00000,0.00000,Pass,263.00000,508.02197,1669.55640,CSAM2
1,2/11/2021,"4:06:29 PM",400,Pass,Pass,TEM70,925.24823,22.00000,3.00000,255.00000,TH,MD21-09199,na,0.00000,2.50000,0.25000,0.00000,0.00000,Pass,262.00000,687.84924,1669.32788,CSAM2
1,2/11/2021,"4:06:29 PM",417,Pass,Pass,TEM70,896.26440,22.00000,4.00000,256.00000,TH,MD21-09199,na,0.00000,15.62500,2.30000,0.00000,0.00000,Pass,261.00000,867.97424,1669.20032,CSAM2
1,2/11/2021,"4:06:29 PM",436,Pass,Pass,TEM70,926.97723,22.00000,5.00000,257.00000,TH,MD21-09199,na,0.00000,2.50000,0.25000,0.00000,0.00000,Pass,260.00000,1048.34875,1670.18018,CSAM2
1,2/11/2021,"4:06:29 PM",454,Pass,Pass,TEM70,915.88831,22.00000,6.00000,258.00000,TH,MD21-09199,na,0.00000,2.50000,0.25000,0.00000,0.00000,Pass,259.00000,1228.13428,1669.52832,CSAM2
1,2/11/2021,"4:06:29 PM",472,Pass,Pass,TEM70,926.48181,22.00000,7.00000,259.00000,TH,MD21-09199,na,0.00000,2.50000,0.25000,0.00000,0.00000,Pass,258.00000,1407.47522,1670.31604,CSAM2
1,2/11/2021,"4:06:29 PM",490,Pass,Pass,TEM70,894.46387,22.00000,8.00000,260.00000,TH,MD21-09199,na,0.00000,4.23611,0.35556,0.00000,0.00000,Pass,257.00000,1588.31970,1669.96033,CSAM2
1,2/11/2021,"4:06:29 PM",507,Pass,Pass,TEM70,925.42896,22.00000,9.00000,261.00000,TH,MD21-09199,na,0.00000,11.11111,0.59167,0.00000,0.00000,Pass,256.00000,1767.86438,1670.30652,CSAM2
1,2/11/2021,"4:06:29 PM",524,Pass,Pass,TEM70,941.10120,22.00000,10.00000,262.00000,TH,MD21-09199,na,0.00000,5.00000,0.33611,0.00000,0.00000,Pass,255.00000,1947.45789,1670.97998,CSAM2
1,2/11/2021,"4:06:29 PM",543,Pass,Pass,TEM70,950.38824,22.00000,11.00000,263.00000,TH,MD21-09199,na,0.00000,17.98611,0.82361,0.00000,0.00000,Pass,254.00000,2127.50000,1670.78638,CSAM2
1,2/11/2021,"4:06:29 PM",562,Pass,Pass,TEM70,936.95667,22.00000,12.00000,264.00000,TH,MD21-09199,na,0.00000,2.50000,0.26528,0.00000,0.00000,Pass,253.00000,2307.75391,1671.04492,CSAM2
1,2/11/2021,"4:06:29 PM",579,Pass,Pass,TEM70,913.17731,23.00000,1.00000,265.00000,TH,MD21-09199,na,0.00000,17.91667,1.54722,0.00000,0.00000,Pass,265.00000,325.58948,1740.49841,CSAM2
1,2/11/2021,"4:06:29 PM",597,Pass,Pass,TEM70,882.59296,23.00000,2.00000,266.00000,TH,MD21-09199,na,0.00000,7.84722,0.41667,0.00000,0.00000,Pass,266.00000,508.16293,1741.48291,CSAM2
1,2/11/2021,"4:06:29 PM",614,Pass,Pass,TEM70,933.48938,23.00000,3.00000,267.00000,TH,MD21-09199,na,0.00000,2.50000,0.25000,0.00000,0.00000,Pass,267.00000,687.55310,1741.76746,CSAM2
1,2/11/2021,"4:06:29 PM",632,Pass,Pass,TEM70,884.70148,23.00000,4.00000,268.00000,TH,MD21-09199,na,0.00000,3.47222,0.29444,0.00000,0.00000,Pass,268.00000,867.08301,1741.63794,CSAM2
1,2/11/2021,"4:06:29 PM",650,Pass,Pass,TEM70,937.37207,23.00000,5.00000,269.00000,TH,MD21-09199,na,0.00000,3.61111,0.34583,0.00000,0.00000,Pass,269.00000,1048.14270,1742.52356,CSAM2
1,2/11/2021,"4:06:29 PM",668,Pass,Pass,TEM70,909.08820,23.00000,6.00000,270.00000,TH,MD21-09199,na,0.00000,2.50000,0.25000,0.00000,0.00000,Pass,270.00000,1227.31299,1742.21985,CSAM2
1,2/11/2021,"4:06:29 PM",686,Pass,Pass,TEM70,907.10669,23.00000,7.00000,271.00000,TH,MD21-09199,na,0.00000,14.58333,2.12778,0.00000,0.00000,Pass,271.00000,1409.63159,1742.14136,CSAM2
1,2/11/2021,"4:06:29 PM",704,Pass,Pass,TEM70,926.12720,23.00000,8.00000,272.00000,TH,MD21-09199,na,0.00000,2.50000,0.25000,0.00000,0.00000,Pass,272.00000,1587.70715,1742.61597,CSAM2
1,2/11/2021,"4:06:29 PM",721,Pass,Pass,TEM70,903.51648,23.00000,9.00000,273.00000,TH,MD21-09199,na,0.00000,2.50000,0.25000,0.00000,0.00000,Pass,273.00000,1767.43005,1742.34497,CSAM2
1,2/11/2021,"4:06:29 PM",739,Pass,Pass,TEM70,918.24310,23.00000,10.00000,274.00000,TH,MD21-09199,na,0.00000,7.63889,0.95000,0.00000,0.00000,Pass,274.00000,1946.98987,1743.33777,CSAM2
1,2/11/2021,"4:06:29 PM",757,Pass,Pass,TEM70,923.20007,23.00000,11.00000,275.00000,TH,MD21-09199,na,0.00000,2.50000,0.26111,0.00000,0.00000,Pass,275.00000,2127.61816,1743.29883,CSAM2
1,2/11/2021,"4:06:29 PM",782,Pass,Pass,TEM70,934.38251,23.00000,12.00000,276.00000,TH,MD21-09199,na,0.00000,2.50000,0.25000,0.00000,0.00000,Pass,276.00000,2307.39209,1743.19275,CSAM2
1,2/11/2021,"4:06:29 PM",799,Pass,Pass,TEM70,903.32806,24.00000,1.00000,277.00000,TH,MD21-09199,na,0.00000,2.50000,0.26667,0.00000,0.00000,Pass,288.00000,327.00137,1812.52954,CSAM2
1,2/11/2021,"4:06:29 PM",817,Pass,Pass,TEM70,883.10553,24.00000,2.00000,278.00000,TH,MD21-09199,na,0.00000,2.50000,0.25556,0.00000,0.00000,Pass,287.00000,507.88940,1814.31934,CSAM2
1,2/11/2021,"4:06:29 PM",835,Pass,Pass,TEM70,925.22333,24.00000,3.00000,279.00000,TH,MD21-09199,na,0.00000,2.50000,0.25000,0.00000,0.00000,Pass,286.00000,687.70483,1813.89160,CSAM2
1,2/11/2021,"4:06:29 PM",852,Pass,Pass,TEM70,877.39929,24.00000,4.00000,280.00000,TH,MD21-09199,na,0.00000,2.50000,0.25000,0.00000,0.00000,Pass,285.00000,867.28729,1813.71277,CSAM2
1,2/11/2021,"4:06:29 PM",871,Pass,Pass,TEM70,943.63159,24.00000,5.00000,281.00000,TH,MD21-09199,na,0.00000,8.47222,1.23472,0.00000,0.00000,Pass,284.00000,1047.20752,1814.69788,CSAM2
1,2/11/2021,"4:06:29 PM",889,Pass,Pass,TEM70,895.73657,24.00000,6.00000,282.00000,TH,MD21-09199,na,0.00000,2.50000,0.30000,0.00000,0.00000,Pass,283.00000,1227.24719,1814.18518,CSAM2
1,2/11/2021,"4:06:29 PM",906,Pass,Pass,TEM70,941.45947,24.00000,7.00000,283.00000,TH,MD21-09199,na,0.00000,3.88889,0.45556,0.00000,0.00000,Pass,282.00000,1408.71399,1814.80249,CSAM2
1,2/11/2021,"4:06:29 PM",924,Pass,Pass,TEM70,926.41296,24.00000,8.00000,284.00000,TH,MD21-09199,na,0.00000,2.50000,0.25000,0.00000,0.00000,Pass,281.00000,1587.32275,1814.96643,CSAM2
1,2/11/2021,"4:06:29 PM",942,Pass,Pass,TEM70,426.15781,24.00000,9.00000,285.00000,TH,MD21-09199,na,0.00000,2.50000,0.25000,0.00000,0.00000,Fail,280.00000,1753.01086,1828.45850,CSAM2
1,2/11/2021,"4:06:29 PM",959,Pass,Pass,TEM70,929.01910,24.00000,10.00000,286.00000,TH,MD21-09199,na,0.00000,13.12500,1.81250,0.00000,0.00000,Pass,279.00000,1948.48352,1815.29041,CSAM2
1,2/11/2021,"4:06:29 PM",977,Pass,Pass,TEM70,935.09003,24.00000,11.00000,287.00000,TH,MD21-09199,na,0.00000,3.05556,0.26111,0.00000,0.00000,Pass,278.00000,2127.34521,1815.43884,CSAM2
1,2/11/2021,"4:06:29 PM",994,Pass,Pass,TEM70,923.05371,24.00000,12.00000,288.00000,TH,MD21-09199,na,0.00000,2.50000,0.25000,0.00000,0.00000,Pass,277.00000,2307.41650,1815.72095,CSAM2
1,2/11/2021,"4:06:30 PM",011,Pass,Pass,TEM70,905.26862,25.00000,1.00000,289.00000,TH,MD21-09199,na,0.00000,2.50000,0.25556,0.00000,0.00000,Pass,289.00000,326.32867,1884.94897,CSAM2
1,2/11/2021,"4:06:30 PM",029,Pass,Pass,TEM70,847.84503,25.00000,2.00000,290.00000,TH,MD21-09199,na,0.00000,9.02778,0.89722,0.00000,0.00000,Pass,290.00000,508.52008,1886.22522,CSAM2
1,2/11/2021,"4:06:30 PM",047,Pass,Pass,TEM70,919.73022,25.00000,3.00000,291.00000,TH,MD21-09199,na,0.00000,2.50000,0.27500,0.00000,0.00000,Pass,291.00000,687.57178,1886.80774,CSAM2
1,2/11/2021,"4:06:30 PM",065,Pass,Pass,TEM70,885.30719,25.00000,4.00000,292.00000,TH,MD21-09199,na,0.00000,2.50000,0.25000,0.00000,0.00000,Pass,292.00000,867.17053,1886.56592,CSAM2
1,2/11/2021,"4:06:30 PM",084,Pass,Pass,TEM70,925.62701,25.00000,5.00000,293.00000,TH,MD21-09199,na,0.00000,15.55556,1.39444,0.00000,0.00000,Pass,293.00000,1049.66357,1886.96680,CSAM2
1,2/11/2021,"4:06:30 PM",102,Pass,Pass,TEM70,924.06140,25.00000,6.00000,294.00000,TH,MD21-09199,na,0.00000,2.50000,0.25000,0.00000,0.00000,Pass,294.00000,1226.85400,1886.72559,CSAM2
1,2/11/2021,"4:06:30 PM",119,Pass,Pass,TEM70,926.21857,25.00000,7.00000,295.00000,TH,MD21-09199,na,0.00000,10.13889,0.62917,0.00000,0.00000,Pass,295.00000,1408.22339,1886.95142,CSAM2
1,2/11/2021,"4:06:30 PM",137,Pass,Pass,TEM70,924.70813,25.00000,8.00000,296.00000,TH,MD21-09199,na,0.00000,2.50000,0.25000,0.00000,0.00000,Pass,296.00000,1587.09277,1887.55823,CSAM2
1,2/11/2021,"4:06:30 PM",155,Pass,Pass,TEM70,302.65131,25.00000,9.00000,297.00000,TH,MD21-09199,na,0.00000,2.50000,0.25000,0.00000,0.00000,Fail,297.00000,1783.27917,1876.58179,CSAM2
1,2/11/2021,"4:06:30 PM",173,Pass,Pass,TEM70,920.24585,25.00000,10.00000,298.00000,TH,MD21-09199,na,0.00000,5.97222,0.31944,0.00000,0.00000,Pass,298.00000,1947.44568,1887.92773,CSAM2
1,2/11/2021,"4:06:30 PM",191,Pass,Pass,TEM70,898.86853,25.00000,11.00000,299.00000,TH,MD21-09199,na,0.00000,4.58333,0.33194,0.00000,0.00000,Pass,299.00000,2127.45142,1888.02380,CSAM2
1,2/11/2021,"4:06:30 PM",209,Pass,Pass,TEM70,945.83325,25.00000,12.00000,300.00000,TH,MD21-09199,na,0.00000,2.50000,0.25000,0.00000,0.00000,Pass,300.00000,2307.36670,1888.61377,CSAM2
1,2/11/2021,"4:06:30 PM",227,Pass,Pass,TEM70,890.41925,26.00000,1.00000,301.00000,TH,MD21-09199,na,0.00000,2.50000,0.25556,0.00000,0.00000,Pass,312.00000,326.74338,1957.37500,CSAM2
1,2/11/2021,"4:06:30 PM",245,Pass,Pass,TEM70,875.00946,26.00000,2.00000,302.00000,TH,MD21-09199,na,0.00000,2.50000,0.25972,0.00000,0.00000,Pass,311.00000,507.56375,1958.99976,CSAM2
1,2/11/2021,"4:06:30 PM",263,Pass,Pass,TEM70,943.16626,26.00000,3.00000,303.00000,TH,MD21-09199,na,0.00000,2.50000,0.25000,0.00000,0.00000,Pass,310.00000,687.17310,1959.11768,CSAM2
1,2/11/2021,"4:06:30 PM",281,Pass,Pass,TEM70,876.82977,26.00000,4.00000,304.00000,TH,MD21-09199,na,0.00000,2.50000,0.25000,0.00000,0.00000,Pass,309.00000,867.23151,1958.72803,CSAM2
1,2/11/2021,"4:06:30 PM",299,Pass,Pass,TEM70,934.03583,26.00000,5.00000,305.00000,TH,MD21-09199,na,0.00000,2.50000,0.25000,0.00000,0.00000,Pass,308.00000,1047.88721,1959.74817,CSAM2
1,2/11/2021,"4:06:30 PM",317,Pass,Pass,TEM70,890.14673,26.00000,6.00000,306.00000,TH,MD21-09199,na,0.00000,3.61111,0.32222,0.00000,0.00000,Pass,307.00000,1226.64124,1959.08105,CSAM2
1,2/11/2021,"4:06:30 PM",335,Pass,Pass,TEM70,919.93256,26.00000,7.00000,307.00000,TH,MD21-09199,na,0.00000,2.50000,0.28611,0.00000,0.00000,Pass,306.00000,1407.61536,1959.61890,CSAM2
1,2/11/2021,"4:06:30 PM",354,Pass,Pass,TEM70,895.89777,26.00000,8.00000,308.00000,TH,MD21-09199,na,0.00000,6.38889,0.39444,0.00000,0.00000,Pass,305.00000,1586.89526,1959.76062,CSAM2
1,2/11/2021,"4:06:30 PM",372,Pass,Pass,TEM70,914.10693,26.00000,9.00000,309.00000,TH,MD21-09199,na,0.00000,10.55556,1.10972,0.00000,0.00000,Pass,304.00000,1768.72974,1959.78113,CSAM2
1,2/11/2021,"4:06:30 PM",390,Pass,Pass,TEM70,940.57129,26.00000,10.00000,310.00000,TH,MD21-09199,na,0.00000,2.50000,0.27500,0.00000,0.00000,Pass,303.00000,1947.22693,1960.59326,CSAM2
1,2/11/2021,"4:06:30 PM",408,Pass,Pass,TEM70,446.47610,26.00000,11.00000,311.00000,TH,MD21-09199,na,0.00000,2.50000,0.25000,0.00000,0.00000,Fail,302.00000,2142.17871,1946.57764,CSAM2
1,2/11/2021,"4:06:30 PM",426,Pass,Pass,TEM70,946.13837,26.00000,12.00000,312.00000,TH,MD21-09199,na,0.00000,2.50000,0.25000,0.00000,0.00000,Pass,301.00000,2307.14502,1960.82410,CSAM2
1,2/11/2021,"4:06:30 PM",445,Pass,Pass,TEM70,903.76428,27.00000,1.00000,313.00000,TH,MD21-09199,na,0.00000,2.50000,0.25972,0.00000,0.00000,Pass,313.00000,325.86963,2030.53992,CSAM2
1,2/11/2021,"4:06:30 PM",463,Pass,Pass,TEM70,851.47937,27.00000,2.00000,314.00000,TH,MD21-09199,na,0.00000,2.50000,0.25000,0.00000,0.00000,Pass,314.00000,507.35165,2031.70056,CSAM2
1,2/11/2021,"4:06:30 PM",481,Pass,Pass,TEM70,936.63770,27.00000,3.00000,315.00000,TH,MD21-09199,na,0.00000,2.50000,0.25000,0.00000,0.00000,Pass,315.00000,687.08008,2031.16064,CSAM2
1,2/11/2021,"4:06:30 PM",500,Pass,Pass,TEM70,887.31689,27.00000,4.00000,316.00000,TH,MD21-09199,na,0.00000,2.50000,0.25000,0.00000,0.00000,Pass,316.00000,866.58197,2031.70654,CSAM2
1,2/11/2021,"4:06:30 PM",518,Pass,Pass,TEM70,934.43408,27.00000,5.00000,317.00000,TH,MD21-09199,na,0.00000,5.55556,0.36528,0.00000,0.00000,Pass,317.00000,1047.63049,2032.46558,CSAM2
1,2/11/2021,"4:06:30 PM",537,Pass,Pass,TEM70,915.11047,27.00000,6.00000,318.00000,TH,MD21-09199,na,0.00000,15.13889,2.57778,0.00000,0.00000,Pass,318.00000,1225.81555,2032.21106,CSAM2
1,2/11/2021,"4:06:30 PM",556,Pass,Pass,TEM70,932.54089,27.00000,7.00000,319.00000,TH,MD21-09199,na,0.00000,2.50000,0.25000,0.00000,0.00000,Pass,319.00000,1407.24561,2032.52844,CSAM2
1,2/11/2021,"4:06:30 PM",575,Pass,Pass,TEM70,937.82214,27.00000,8.00000,320.00000,TH,MD21-09199,na,0.00000,17.84722,1.53889,0.00000,0.00000,Pass,320.00000,1587.18457,2032.77197,CSAM2
1,2/11/2021,"4:06:30 PM",593,Pass,Pass,TEM70,917.21796,27.00000,9.00000,321.00000,TH,MD21-09199,na,0.00000,4.37500,0.35972,0.00000,0.00000,Pass,321.00000,1767.22070,2032.18274,CSAM2
1,2/11/2021,"4:06:30 PM",612,Pass,Pass,TEM70,934.87927,27.00000,10.00000,322.00000,TH,MD21-09199,na,0.00000,5.55556,0.36944,0.00000,0.00000,Pass,322.00000,1947.52026,2034.32996,CSAM2
1,2/11/2021,"4:06:30 PM",630,Pass,Pass,TEM70,285.11136,27.00000,11.00000,323.00000,TH,MD21-09199,na,0.00000,2.50000,0.25000,0.00000,0.00000,Fail,323.00000,2113.15796,2020.67786,CSAM2
1,2/11/2021,"4:06:30 PM",648,Pass,Pass,TEM70,941.74512,27.00000,12.00000,324.00000,TH,MD21-09199,na,0.00000,2.50000,0.26528,0.00000,0.00000,Pass,324.00000,2307.21631,2033.41418,CSAM2
1,2/11/2021,"4:06:30 PM",666,Pass,Pass,TEM70,874.24316,28.00000,1.00000,325.00000,TH,MD21-09199,na,0.00000,2.50000,0.25000,0.00000,0.00000,Pass,336.00000,325.87274,2102.38452,CSAM2
1,2/11/2021,"4:06:30 PM",684,Pass,Pass,TEM70,859.77380,28.00000,2.00000,326.00000,TH,MD21-09199,na,0.00000,2.50000,0.36528,0.00000,0.00000,Pass,335.00000,506.58673,2103.76904,CSAM2
1,2/11/2021,"4:06:30 PM",702,Pass,Pass,TEM70,931.53741,28.00000,3.00000,327.00000,TH,MD21-09199,na,0.00000,2.50000,0.25000,0.00000,0.00000,Pass,334.00000,687.05811,2103.78247,CSAM2
1,2/11/2021,"4:06:30 PM",721,Pass,Pass,TEM70,903.18896,28.00000,4.00000,328.00000,TH,MD21-09199,na,0.00000,2.50000,0.25000,0.00000,0.00000,Pass,333.00000,866.92828,2103.64209,CSAM2
1,2/11/2021,"4:06:30 PM",739,Pass,Pass,TEM70,927.55609,28.00000,5.00000,329.00000,TH,MD21-09199,na,0.00000,2.50000,0.25000,0.00000,0.00000,Pass,332.00000,1047.40833,2104.06860,CSAM2
1,2/11/2021,"4:06:30 PM",757,Pass,Pass,TEM70,909.98071,28.00000,6.00000,330.00000,TH,MD21-09199,na,0.00000,10.13889,0.41389,0.00000,0.00000,Pass,331.00000,1227.71204,2103.79590,CSAM2
1,2/11/2021,"4:06:30 PM",776,Pass,Pass,TEM70,926.01447,28.00000,7.00000,331.00000,TH,MD21-09199,Fail,0.00000,20.97222,1.19722,0.00000,9.00000,Fail,330.00000,1406.72400,2104.45386,CSAM2
1,2/11/2021,"4:06:30 PM",794,Pass,Pass,TEM70,944.00574,28.00000,8.00000,332.00000,TH,MD21-09199,na,0.00000,4.58333,0.31667,0.00000,0.00000,Pass,329.00000,1587.78931,2104.66821,CSAM2
1,2/11/2021,"4:06:30 PM",812,Pass,Pass,TEM70,949.76672,28.00000,9.00000,333.00000,TH,MD21-09199,na,0.00000,2.50000,0.30833,0.00000,0.00000,Pass,328.00000,1767.21912,2104.96997,CSAM2
1,2/11/2021,"4:06:30 PM",831,Pass,Pass,TEM70,946.03595,28.00000,10.00000,334.00000,TH,MD21-09199,na,0.00000,11.11111,1.14306,0.00000,0.00000,Pass,327.00000,1946.46692,2105.22803,CSAM2
1,2/11/2021,"4:06:30 PM",849,Pass,Pass,TEM70,953.84033,28.00000,11.00000,335.00000,TH,MD21-09199,na,0.00000,13.40278,1.21389,0.00000,0.00000,Pass,326.00000,2127.18457,2105.05127,CSAM2
1,2/11/2021,"4:06:30 PM",867,Pass,Pass,TEM70,932.48346,28.00000,12.00000,336.00000,TH,MD21-09199,na,0.00000,9.79167,0.65972,0.00000,0.00000,Pass,325.00000,2307.14600,2105.39819,CSAM2
1,2/11/2021,"4:06:30 PM",885,Pass,Pass,TEM70,882.52661,29.00000,1.00000,337.00000,TH,MD21-09199,na,0.00000,3.05556,0.26111,0.00000,0.00000,Pass,337.00000,325.30655,2174.20068,CSAM2
1,2/11/2021,"4:06:30 PM",903,Pass,Pass,TEM70,844.87982,29.00000,2.00000,338.00000,TH,MD21-09199,na,0.00000,11.66667,0.79861,0.00000,0.00000,Pass,338.00000,508.40259,2175.35498,CSAM2
1,2/11/2021,"4:06:30 PM",921,Pass,Pass,TEM70,903.77393,29.00000,3.00000,339.00000,TH,MD21-09199,na,0.00000,2.50000,0.25000,0.00000,0.00000,Pass,339.00000,686.82172,2176.00049,CSAM2
1,2/11/2021,"4:06:30 PM",939,Pass,Pass,TEM70,898.53284,29.00000,4.00000,340.00000,TH,MD21-09199,na,0.00000,2.50000,0.25000,0.00000,0.00000,Pass,340.00000,867.00366,2175.63403,CSAM2
1,2/11/2021,"4:06:30 PM",957,Pass,Pass,TEM70,948.42657,29.00000,5.00000,341.00000,TH,MD21-09199,na,0.00000,9.72222,1.29306,0.00000,0.00000,Pass,341.00000,1046.81763,2176.74121,CSAM2
1,2/11/2021,"4:06:30 PM",977,Pass,Pass,TEM70,925.37726,29.00000,6.00000,342.00000,TH,MD21-09199,na,0.00000,2.50000,0.25000,0.00000,0.00000,Pass,342.00000,1227.27454,2175.78149,CSAM2
1,2/11/2021,"4:06:30 PM",995,Pass,Pass,TEM70,916.52075,29.00000,7.00000,343.00000,TH,MD21-09199,na,0.00000,9.30556,1.35972,0.00000,0.00000,Pass,343.00000,1409.14661,2176.14307,CSAM2
1,2/11/2021,"4:06:31 PM",013,Pass,Pass,TEM70,947.21057,29.00000,8.00000,344.00000,TH,MD21-09199,na,0.00000,2.50000,0.25556,0.00000,0.00000,Pass,344.00000,1587.23840,2176.73486,CSAM2
1,2/11/2021,"4:06:31 PM",031,Pass,Pass,TEM70,933.67615,29.00000,9.00000,345.00000,TH,MD21-09199,na,0.00000,2.50000,0.28889,0.00000,0.00000,Pass,345.00000,1767.11377,2176.66919,CSAM2
1,2/11/2021,"4:06:31 PM",049,Pass,Pass,TEM70,944.84149,29.00000,10.00000,346.00000,TH,MD21-09199,na,0.00000,11.52778,1.59444,0.00000,0.00000,Pass,346.00000,1948.09021,2177.20288,CSAM2
1,2/11/2021,"4:06:31 PM",068,Pass,Pass,TEM70,930.01501,29.00000,11.00000,347.00000,TH,MD21-09199,na,0.00000,2.50000,0.30833,0.00000,0.00000,Pass,347.00000,2126.98486,2177.25269,CSAM2
1,2/11/2021,"4:06:31 PM",086,Pass,Pass,TEM70,348.58948,29.00000,12.00000,348.00000,TH,MD21-09199,na,0.00000,2.50000,0.25000,0.00000,0.00000,Fail,348.00000,2336.21948,2205.21362,CSAM2
1,2/11/2021,"4:06:31 PM",104,Pass,Pass,TEM70,140.56995,30.00000,1.00000,349.00000,TH,MD21-09199,na,0.00000,14.09722,0.68611,0.00000,0.00000,Fail,360.00000,385.01263,2236.58984,CSAM2
1,2/11/2021,"4:06:31 PM",123,Pass,Pass,TEM70,860.70221,30.00000,2.00000,350.00000,TH,MD21-09199,na,0.00000,3.19444,0.31806,0.00000,0.00000,Pass,359.00000,507.75729,2247.84106,CSAM2
1,2/11/2021,"4:06:31 PM",143,Pass,Pass,TEM70,939.33258,30.00000,3.00000,351.00000,TH,MD21-09199,na,0.00000,2.50000,0.25000,0.00000,0.00000,Pass,358.00000,687.22852,2248.44409,CSAM2
1,2/11/2021,"4:06:31 PM",161,Pass,Pass,TEM70,899.59705,30.00000,4.00000,352.00000,TH,MD21-09199,na,0.00000,2.50000,0.26111,0.00000,0.00000,Pass,357.00000,866.71564,2248.22583,CSAM2
1,2/11/2021,"4:06:31 PM",180,Pass,Pass,TEM70,955.20038,30.00000,5.00000,353.00000,TH,MD21-09199,Fail,0.00000,29.44444,3.60417,0.00000,9.00000,Fail,356.00000,1048.11902,2248.85352,CSAM2
1,2/11/2021,"4:06:31 PM",198,Pass,Pass,TEM70,929.12927,30.00000,6.00000,354.00000,TH,MD21-09199,na,0.00000,2.50000,0.31667,0.00000,0.00000,Pass,355.00000,1227.01196,2248.61157,CSAM2
1,2/11/2021,"4:06:31 PM",216,Pass,Pass,TEM70,958.94202,30.00000,7.00000,355.00000,TH,MD21-09199,na,0.00000,2.77778,0.39444,0.00000,0.00000,Pass,354.00000,1407.74902,2248.94629,CSAM2
1,2/11/2021,"4:06:31 PM",234,Pass,Pass,TEM70,931.22186,30.00000,8.00000,356.00000,TH,MD21-09199,na,0.00000,2.50000,0.26944,0.00000,0.00000,Pass,353.00000,1586.93213,2248.86890,CSAM2
1,2/11/2021,"4:06:31 PM",251,Pass,Pass,TEM70,926.78662,30.00000,9.00000,357.00000,TH,MD21-09199,na,0.00000,2.98611,0.38194,0.00000,0.00000,Pass,352.00000,1766.73730,2249.22412,CSAM2
1,2/11/2021,"4:06:31 PM",270,Pass,Pass,TEM70,920.52509,30.00000,10.00000,358.00000,TH,MD21-09199,na,0.00000,2.50000,0.27361,0.00000,0.00000,Pass,351.00000,1947.04858,2250.12622,CSAM2
1,2/11/2021,"4:06:31 PM",288,Pass,Pass,TEM70,913.80798,30.00000,11.00000,359.00000,TH,MD21-09199,na,0.00000,2.50000,0.28194,0.00000,0.00000,Pass,350.00000,2126.95972,2249.74341,CSAM2
1,2/11/2021,"4:06:31 PM",307,Pass,Pass,TEM70,321.75793,30.00000,12.00000,360.00000,TH,MD21-09199,na,0.00000,2.50000,0.25000,0.00000,0.00000,Fail,349.00000,2263.95508,2236.40479,CSAM2
